relative_path,split,actor_group,label,size_bytes,sha256,width,height,fps,frame_count,duration_seconds,codec,valid,error,reason
normal/normal-1.mp4,train,A_checkered,0,2512830,f95ec881ae902c91595b25000745f159bb47b77adcf03aa4bc67f485771248af,640,480,30.0,318,10.6,FMP4,True,,Primary checkered-shirt actor and connected takes
normal/normal-2.mp4,train,B_light_blue,0,2764188,7d379948718f72936ad4aedbd4a276a30c9771d8e111a38e76b4955a00b92ef0,640,480,30.0,320,10.666666666666666,FMP4,True,,Primary light-blue-shirt actor and connected takes
normal/normal-3.mp4,train,B_light_blue,0,3407982,61b1ffa6a2bc1612c847b3a782ec567c7eac8d82a399bbf6ee0389ab50c47dff,640,480,30.0,336,11.2,FMP4,True,,Primary light-blue-shirt actor and connected takes
normal/normal-4.mp4,train,B_light_blue,0,3362976,c8844ce5fcf09156549f45e8451999fd2b485e186b3bf9480fa38ed74450d2e3,640,480,30.0,336,11.2,FMP4,True,,Primary light-blue-shirt actor and connected takes
normal/normal-5.mp4,train,B_light_blue,0,3643494,0a9a677c9c1862ac0e1d32adca751e22a3f888f542302818ca2f6d9f80ae7817,640,480,30.0,336,11.2,FMP4,True,,Primary light-blue-shirt actor and connected takes
normal/normal-6.mp4,train,C_purple,0,2436062,071ee3cd96d084e6d40663ba3be3e5c247ae8da96d567551020cb203a21c3c37,640,480,30.0,346,11.533333333333333,FMP4,True,,Primary purple-shirt actor and connected takes
normal/normal-7.mp4,train,D_navy_stripe,0,3563534,b1d537d46732139b14e464a9b303f70aa9d51958574d4dfeaa78388370db8234,640,480,30.0,341,11.366666666666667,FMP4,True,,Primary navy/striped-shirt actor and connected takes
normal/normal-8.mp4,train,D_navy_stripe,0,3609967,79b5f2fbfaed65be8a6a5f0ac1d00d8f31bd89b1f2f7ff231daa3fdac346407b,640,480,30.0,350,11.666666666666666,FMP4,True,,Primary navy/striped-shirt actor and connected takes
normal/normal-9.mp4,train,D_navy_stripe,0,3345090,3c22b9b1692738948f7f58c737ff3674af6c83d1320ba1d887f7d32a8d135b2b,640,480,30.0,315,10.5,FMP4,True,,Primary navy/striped-shirt actor and connected takes
normal/normal-10.mp4,train,D_navy_stripe,0,3570781,037425361930a7d594bfbf6be53193b16eadf0ba352e92287e0de283ef383b60,640,480,30.0,351,11.7,FMP4,True,,Primary navy/striped-shirt actor and connected takes
normal/normal-11.mp4,train,E_older_plaid,0,3745334,f9da487ae1bc9cecff90fd317d6a52db01fe47cd442ac4a41960eed91878fb98,640,480,30.0,350,11.666666666666666,FMP4,True,,Older plaid-shirt actor; normal-only group
normal/normal-12.mp4,excluded,excluded_context,0,3721583,0343209f34813e9e9c94890f45a25e757b674a8bc9e40dbc58bc7254bcd3ac0d,640,480,30.0,346,11.533333333333333,FMP4,True,,Context/background-only or unsuitable active-person evidence
normal/normal-13.mp4,excluded,excluded_context,0,2957525,411f73255ae7aa4f8f51498f1a0f284b24cb68b8ca059f0f30e065c8ecdbadb8,640,480,30.0,311,10.366666666666667,FMP4,True,,Context/background-only or unsuitable active-person evidence
normal/normal-14.mp4,test,F_gray_backpack,0,4969862,ded3f218087a36215535a65ecbf7637149098f61a9c8b39269209bce1cae861f,640,480,30.0,309,10.3,FMP4,True,,Primary gray-plaid/backpack actor
normal/normal-15.mp4,test,IJK_connected_session,0,3365347,0dd020360453c3b800ea85d3f9b96e458ceb584a7000c0d780e3723be21f40f1,640,480,30.0,315,10.5,FMP4,True,,"Red, green, and blue actors co-occur in one connected session"
normal/normal-16.mp4,test,IJK_connected_session,0,4671303,2266ed961d769a331b8b165b57650c9e9d171a4e61d31438953082f483caf852,640,480,30.0,352,11.733333333333333,FMP4,True,,"Red, green, and blue actors co-occur in one connected session"
normal/normal-17.mp4,train,C_purple,0,3998689,51a1b475d67fa2e6df544aecf212d9937fb44ef8f01705396f1c1396764261bb,640,480,30.0,351,11.7,FMP4,True,,Primary purple-shirt actor and connected takes
normal/normal-18.mp4,train,A_checkered,0,3289246,2818483cb9a3cc3ff158c07f78de8bdccc64dc14932b23ff581ce671035d5e4c,640,480,30.0,320,10.666666666666666,FMP4,True,,Primary checkered-shirt actor and connected takes
normal/normal-19.mp4,train,A_checkered,0,3175590,e4cafd0ef81780fc808243a789ca874b29c7764bd39e4934cae05425ba7e0c77,640,480,30.0,320,10.666666666666666,FMP4,True,,Primary checkered-shirt actor and connected takes
normal/normal-20.mp4,train,A_checkered,0,3261253,25932928c2b28291fdfcf56196f0928e6124b2bc910e0818ff5a7df7d788f2a7,640,480,30.0,350,11.666666666666666,FMP4,True,,Primary checkered-shirt actor and connected takes
normal/normal-21.mp4,train,B_light_blue,0,4337677,d78f59d58de29b7685e02f59d3f3b3271dbfcf07b65bf56c66872545ef22b38a,640,480,30.0,323,10.766666666666667,FMP4,True,,Primary light-blue-shirt actor and connected takes
normal/normal-22.mp4,train,B_light_blue,0,4475512,71f42ba95e19589e152e5a74ca49ac13e4b2917fa0780254fec55b518e135129,640,480,30.0,337,11.233333333333333,FMP4,True,,Primary light-blue-shirt actor and connected takes
normal/normal-23.mp4,val,H_navy_cap,0,4308190,263645ffc8d370b85bc3cc922b0aa4b265894e16e3f5eea2b689f59b3e22c078,640,480,30.0,318,10.6,FMP4,True,,Primary navy-cap actor and connected takes
normal/normal-24.mp4,train,A_checkered,0,3565390,d26f07d724520bad19b05cdc0a10b2842fd911c102be30327243362102738b4f,640,480,30.0,320,10.666666666666666,FMP4,True,,Primary checkered-shirt actor and connected takes
normal/normal-25.mp4,excluded,excluded_context,0,3204077,81e3fc7bf84854063b2be459fa5ae6d11f04343ec2fc11949a1e4755b8ed3675,640,480,30.0,314,10.466666666666667,FMP4,True,,Context/background-only or unsuitable active-person evidence
normal/normal-26.mp4,excluded,excluded_context,0,4172827,58815322391be2dec753a410b6e119882b6f778ac163d1f8c1b601096e4ffebe,640,480,30.0,333,11.1,FMP4,True,,Context/background-only or unsuitable active-person evidence
normal/normal-27.mp4,excluded,excluded_context,0,3756264,07d5dedec8b1a391627acaae5af71a7eb4fd6f896164aa6b1ac856b45e0f0f7c,640,480,30.0,321,10.7,FMP4,True,,Context/background-only or unsuitable active-person evidence
normal/normal-28.mp4,excluded,excluded_context,0,2461347,58e15d95cdd43295a6caf315f41af79dce142c5fe050a2ca573cc60c0580c71c,640,480,30.0,318,10.6,FMP4,True,,Context/background-only or unsuitable active-person evidence
normal/normal-29.mp4,excluded,excluded_context,0,4174406,594aba404d570715250292d6f5d406741e6ad06735b97c3458e710f33dd5d4f5,640,480,30.0,323,10.766666666666667,FMP4,True,,Context/background-only or unsuitable active-person evidence
normal/normal-30.mp4,val,G_brown_plaid,0,4044553,9cbe1c43896cf189170d11445e76437a16e0c763c07a62d2b9b3f12388bbfe87,640,480,30.0,325,10.833333333333334,FMP4,True,,Primary brown-plaid/masked actor
normal/normal-31.mp4,test,F_gray_backpack,0,5112648,6f1065551a84cb11666942501d3d3ea3a0a11a3fe4d7a85fa23e6bacfbd0c4f2,640,480,30.0,361,12.033333333333333,FMP4,True,,Primary gray-plaid/backpack actor
normal/normal-32.mp4,test,F_gray_backpack,0,4801602,2cf0c39f48b4ac888ea5b1665fef5b13b6308dc3906dcdba8e43375e2e2ada13,640,480,30.0,351,11.7,FMP4,True,,Primary gray-plaid/backpack actor
normal/normal-33.mp4,test,F_gray_backpack,0,3138126,7e7c39a05d3eaf158dc07c8aa2bf7f2c64d64cbdb839aab1235aed39aa83c6f1,640,480,30.0,232,7.733333333333333,FMP4,True,,Primary gray-plaid/backpack actor
normal/normal-34.mp4,test,F_gray_backpack,0,4472523,785c8173ce056468f6647a1de4699b6708eae8892a06619bfa2f614fcf0e0efa,640,480,30.0,290,9.666666666666666,FMP4,True,,Primary gray-plaid/backpack actor
normal/normal-35.mp4,val,H_navy_cap,0,4894992,f474e0041921422d33f65960cef023334e931548ee5a493b96fa6ce53b0dfa59,640,480,30.0,329,10.966666666666667,FMP4,True,,Primary navy-cap actor and connected takes
normal/normal-36.mp4,val,H_navy_cap,0,5224549,4544753e56f5172aa9cfc0645519ee66e974f6f57a49d620dc307dcbf0e99cf7,640,480,30.0,366,12.2,FMP4,True,,Primary navy-cap actor and connected takes
normal/normal-37.mp4,val,G_brown_plaid,0,4489303,24a0dece179ad4337a501739a5070b39137720ece9d49922a419e28084cfba22,640,480,30.0,311,10.366666666666667,FMP4,True,,Primary brown-plaid/masked actor
normal/normal-38.mp4,val,G_brown_plaid,0,4376901,fcd11a96f6535a5a557eb7b55a6a72d121107f66c0035a4225bd0ec39503353e,640,480,30.0,315,10.5,FMP4,True,,Primary brown-plaid/masked actor
normal/normal-39.mp4,excluded,excluded_context,0,1558900,21ab6b05e47849c735f8ea7bf41a5533fe7325163d0a4fe2d54f47d89ff53dde,640,480,30.0,312,10.4,FMP4,True,,Context/background-only or unsuitable active-person evidence
normal/normal-40.mp4,test,IJK_connected_session,0,1981669,50c2daae128479754a8f06c2a7777793d2d618b64457f7dda8687db77f1c2bdb,640,480,30.0,157,5.233333333333333,FMP4,True,,"Red, green, and blue actors co-occur in one connected session"
normal/normal-41.mp4,test,IJK_connected_session,0,4052620,a4145862da65674264d8dff7bb844ae41b95c6deff4d33edc95c82fadd515b8a,640,480,30.0,357,11.9,FMP4,True,,"Red, green, and blue actors co-occur in one connected session"
normal/normal-42.mp4,test,IJK_connected_session,0,3043443,f6f2fa4bcd11588e7c30e40d90c8a669fb5d4b38a813b9e7d8c6c7b13e2cc1d0,640,480,30.0,339,11.3,FMP4,True,,"Red, green, and blue actors co-occur in one connected session"
normal/normal-43.mp4,val,H_navy_cap,0,7406383,59a34e5b621e20e09c1e34275c4bcb370b26ea1480d3f52ed4aa64f6fd4d1ad2,640,480,30.0,620,20.666666666666668,FMP4,True,,Primary navy-cap actor and connected takes
normal/normal-44.mp4,train,A_checkered,0,3859608,a0f52f11527a9a0bf019ddea52ed675e68ddc07934a518aefa155820685fafa7,640,480,30.0,349,11.633333333333333,FMP4,True,,Primary checkered-shirt actor and connected takes
normal/normal-45.mp4,train,A_checkered,0,4318673,22f00a0c02ec70de2fe175861bf4d0cc413f54e027ae9b9c32004f858ba649a8,640,480,30.0,316,10.533333333333333,FMP4,True,,Primary checkered-shirt actor and connected takes
normal/normal-46.mp4,train,A_checkered,0,3879139,7077724422aa18e5ce83a50e01af5335774217f10a4c4aae0c66097f4c3acad4,640,480,30.0,347,11.566666666666666,FMP4,True,,Primary checkered-shirt actor and connected takes
normal/normal-47.mp4,train,A_checkered,0,2867560,a637d83bf1aeb24bc8d9a524ae71c16dbf6d5ea1d97cb618e542e86565abcf8e,640,480,30.0,321,10.7,FMP4,True,,Primary checkered-shirt actor and connected takes
normal/normal-48.mp4,train,A_checkered,0,2747186,079b58c468217e734384915ee5b243e531973ede257d99422729769b9679947e,640,480,30.0,320,10.666666666666666,FMP4,True,,Primary checkered-shirt actor and connected takes
normal/normal-49.mp4,train,A_checkered,0,3218678,f8cda07fb42e657ba82acfeb0db5ee887226432a1b0eab675d9fbe1d6fd50f00,640,480,30.0,349,11.633333333333333,FMP4,True,,Primary checkered-shirt actor and connected takes
normal/normal-50.mp4,train,A_checkered,0,3169128,be6f313d9d8aeb87f0a3b61a69cffe0add61e4819509b6b68e8533f5162987ba,640,480,30.0,320,10.666666666666666,FMP4,True,,Primary checkered-shirt actor and connected takes
normal/normal-51.mp4,excluded,excluded_exact_duplicate,0,3169128,be6f313d9d8aeb87f0a3b61a69cffe0add61e4819509b6b68e8533f5162987ba,640,480,30.0,320,10.666666666666666,FMP4,True,,"Bit-identical duplicate; retained sources are N50, N44, and N55"
normal/normal-52.mp4,excluded,excluded_exact_duplicate,0,3859608,a0f52f11527a9a0bf019ddea52ed675e68ddc07934a518aefa155820685fafa7,640,480,30.0,349,11.633333333333333,FMP4,True,,"Bit-identical duplicate; retained sources are N50, N44, and N55"
normal/normal-53.mp4,train,A_checkered,0,3120979,17441c6fac69203f9706d7783b5caba90a5ca57131545dc07ed50b30ef1cdfbf,640,480,30.0,321,10.7,FMP4,True,,Primary checkered-shirt actor and connected takes
normal/normal-54.mp4,train,B_light_blue,0,3849471,4d08ca5e3d4c286f89ea5129aa16def2dbdbe7315e19d065b25c473e42b63d5e,640,480,30.0,358,11.933333333333334,FMP4,True,,Primary light-blue-shirt actor and connected takes
normal/normal-55.mp4,train,B_light_blue,0,2747489,59ad527d54207857bd184b0df651f83ad6ff61ad7fda49bdf5dee00def891d87,640,480,30.0,358,11.933333333333334,FMP4,True,,Primary light-blue-shirt actor and connected takes
normal/normal-56.mp4,excluded,excluded_exact_duplicate,0,2747489,59ad527d54207857bd184b0df651f83ad6ff61ad7fda49bdf5dee00def891d87,640,480,30.0,358,11.933333333333334,FMP4,True,,"Bit-identical duplicate; retained sources are N50, N44, and N55"
normal/normal-57.mp4,train,B_light_blue,0,3638434,f6da5216b52d45aba39f3c2e4a1e2ec458a29a4ff8a78a3a8d9b9925292a9f3f,640,480,30.0,336,11.2,FMP4,True,,Primary light-blue-shirt actor and connected takes
normal/normal-58.mp4,train,B_light_blue,0,3521766,ba017ae94a44bb2a96cafa4049920d627a1677d030fbebf30fd3a4fdcb8861bb,640,480,30.0,336,11.2,FMP4,True,,Primary light-blue-shirt actor and connected takes
normal/normal-59.mp4,train,B_light_blue,0,3946541,3bc1f30305da5837fc7f45fa1da2a3f25f529f5dfc20092863aebd34f7aa36c6,640,480,30.0,337,11.233333333333333,FMP4,True,,Primary light-blue-shirt actor and connected takes
normal/normal-60.mp4,train,B_light_blue,0,4093031,38c2e8e9e6e2d73d2a01938a9cdab74cc2257e61f5874b3fafcbde0d557df635,640,480,30.0,305,10.166666666666666,FMP4,True,,Primary light-blue-shirt actor and connected takes
normal/normal-61.mp4,train,B_light_blue,0,3532182,3fd4565b6051828097911d1777250e06020afdaeba10e8abffd31823cce3a05c,640,480,30.0,336,11.2,FMP4,True,,Primary light-blue-shirt actor and connected takes
normal/normal-62.mp4,train,B_light_blue,0,3793185,60106320b7b935cfc99cf9f0967175efef3d56e3f4210cc1a191fd8dfb937626,640,480,30.0,337,11.233333333333333,FMP4,True,,Primary light-blue-shirt actor and connected takes
normal/normal-63.mp4,train,B_light_blue,0,4562658,0dc7615fef67ac185e71581c2787afb36b005de200eb791a846d7ccd5169b968,640,480,30.0,337,11.233333333333333,FMP4,True,,Primary light-blue-shirt actor and connected takes
normal/normal-64.mp4,train,B_light_blue,0,4440017,1a52be6b7cb4acd03d8821f630222cc6166ee2c70503c57a01651f5157dff617,640,480,30.0,337,11.233333333333333,FMP4,True,,Primary light-blue-shirt actor and connected takes
normal/normal-65.mp4,train,C_purple,0,3136662,fd2999d58976a433cf125ea60a148aa326440bcd9c35be55135b19aab317de26,640,480,30.0,346,11.533333333333333,FMP4,True,,Primary purple-shirt actor and connected takes
normal/normal-66.mp4,train,C_purple,0,2204303,8b05deb6a04a47a4ed77a210cc8ce9db266c20a4fe08727e2aca65ff0a660ce0,640,480,30.0,311,10.366666666666667,FMP4,True,,Primary purple-shirt actor and connected takes
normal/normal-67.mp4,train,C_purple,0,2446597,8b314d4389dda5f1547132eaf5c8bdeb09344f8b5fc8f8767867d54386201174,640,480,30.0,346,11.533333333333333,FMP4,True,,Primary purple-shirt actor and connected takes
normal/normal-68.mp4,train,C_purple,0,2639719,cf339a0e94b9919819054d55160e33a1298b3c32e8c795c2606fc0e76b8f12a9,640,480,30.0,380,12.666666666666666,FMP4,True,,Primary purple-shirt actor and connected takes
normal/normal-69.mp4,train,C_purple,0,3675877,8305290a86d32ea4664d395e85a00ab3521c30b30be9547680404f2281f9c6e8,640,480,30.0,325,10.833333333333334,FMP4,True,,Primary purple-shirt actor and connected takes
normal/normal-70.mp4,train,D_navy_stripe,0,3685074,33bff8bd051e0f51ea9946dd8b7686d526ecc685a3f411abea3232e8c1bd55f0,640,480,30.0,321,10.7,FMP4,True,,Primary navy/striped-shirt actor and connected takes
normal/normal-71.mp4,train,D_navy_stripe,0,3335625,2ae89dba27a0e6fe4c3bbe7875c988aa969abfbc6dde1aea61b5780de74dc1d8,640,480,30.0,341,11.366666666666667,FMP4,True,,Primary navy/striped-shirt actor and connected takes
normal/normal-72.mp4,train,D_navy_stripe,0,3180554,a87ceeeff2c30ed89f8c12e6ca249f9a9605f06091213c264c9daed5080fabde,640,480,30.0,341,11.366666666666667,FMP4,True,,Primary navy/striped-shirt actor and connected takes
normal/normal-73.mp4,train,D_navy_stripe,0,4007488,3f126642ba5408978d63f2c5b813fb500d30cd21f73f69845a53a26af08c96d3,640,480,30.0,319,10.633333333333333,FMP4,True,,Primary navy/striped-shirt actor and connected takes
normal/normal-74.mp4,train,D_navy_stripe,0,3872932,121b76f4cdea64b84d4f0d570996b555f41558420a9f419eeeaaae65ff18705b,640,480,30.0,325,10.833333333333334,FMP4,True,,Primary navy/striped-shirt actor and connected takes
normal/normal-75.mp4,train,D_navy_stripe,0,4018274,fe0052038a47f67d12c1f43c8fd794408708a15782f870c9133a1241cc075578,640,480,30.0,350,11.666666666666666,FMP4,True,,Primary navy/striped-shirt actor and connected takes
normal/normal-76.mp4,train,D_navy_stripe,0,3229189,3104427d843f0c8ec5afd2b98dda38497233c97f47f224cccfb0c9142d66ccf5,640,480,30.0,315,10.5,FMP4,True,,Primary navy/striped-shirt actor and connected takes
normal/normal-77.mp4,train,D_navy_stripe,0,3836395,796e7fe1ff54fb19caacf6e7147c1a7d49cf025c4d609a63f944e033955d43f1,640,480,30.0,350,11.666666666666666,FMP4,True,,Primary navy/striped-shirt actor and connected takes
normal/normal-78.mp4,train,D_navy_stripe,0,3313840,bb3e6f0e1b28288afb887f8c9fadecbc8d5fbf2cc89ccb92667b6bb8d7aab771,640,480,30.0,316,10.533333333333333,FMP4,True,,Primary navy/striped-shirt actor and connected takes
normal/normal-79.mp4,train,D_navy_stripe,0,3806413,dcf3cceb55c0069afe063c8ef020cfab7f7609992ff792dc6ffb7c19054f0a17,640,480,30.0,351,11.7,FMP4,True,,Primary navy/striped-shirt actor and connected takes
normal/normal-80.mp4,train,D_navy_stripe,0,3330616,0b8e8ea2660174bd585590648afea292461a2d4b8a05397eefbd699d824ad69d,640,480,30.0,316,10.533333333333333,FMP4,True,,Primary navy/striped-shirt actor and connected takes
normal/normal-81.mp4,train,D_navy_stripe,0,3732295,83c2b802f38e398ff405698018a79693b53762da36a13d92f430e80b21749c9c,640,480,30.0,351,11.7,FMP4,True,,Primary navy/striped-shirt actor and connected takes
normal/normal-82.mp4,train,D_navy_stripe,0,3763328,eb01ad89db3d33d7d4584888c767cf9e3b8399ea4f061b10029b5fef0f82df80,640,480,30.0,351,11.7,FMP4,True,,Primary navy/striped-shirt actor and connected takes
normal/normal-83.mp4,train,D_navy_stripe,0,3523387,08bc8ca8f8650bf0d636a3cb8ded453210ba53f288011f56951fae78123e9960,640,480,30.0,316,10.533333333333333,FMP4,True,,Primary navy/striped-shirt actor and connected takes
normal/normal-84.mp4,train,D_navy_stripe,0,3321097,1b59d35310c8d567991ada193f6ddeddb53eaa59c831414f0921c578439b9e27,640,480,30.0,315,10.5,FMP4,True,,Primary navy/striped-shirt actor and connected takes
normal/normal-85.mp4,train,E_older_plaid,0,3613216,2e1fc1ee2f7c6bc6a3233d90eae91e2441dde15479b21401c4bda851f928a0c5,640,480,30.0,350,11.666666666666666,FMP4,True,,Older plaid-shirt actor; normal-only group
normal/normal-86.mp4,train,E_older_plaid,0,3632321,c71231c058ec9a3e6f9031081c18eb3fae8035c2f207d2807a464f594d2a34e6,640,480,30.0,350,11.666666666666666,FMP4,True,,Older plaid-shirt actor; normal-only group
normal/normal-87.mp4,excluded,excluded_cross_group,0,3973893,d6acff9591a87d8677817f063e276a4d38da06c357068e0beafc293dec1537c3,640,480,30.0,349,11.633333333333333,FMP4,True,,Multiple primary actors cross the reviewed train/test groups
normal/normal-88.mp4,val,G_brown_plaid,0,3320955,7b462ac8fa454931b8f51d09db45e1f80be81384ca8f9ec3a35402a3673e5bf1,640,480,30.0,316,10.533333333333333,FMP4,True,,Primary brown-plaid/masked actor
normal/normal-89.mp4,ood,HR_new_scene,0,24554832,7776760bccc3faf67a678c36f9d4eac45aedbc0e46aba6d99b9f5507bcdf62c1,1920,1080,30.0,506,16.866666666666667,FMP4,True,,Locked 1920x1080 new-scene holdout opened after model selection
normal/normal-90.mp4,ood,HR_new_scene,0,19492749,823badbf0c5b85ff202b9c2fefd63af11443e71e83c52d132376f6970320fabb,1920,1080,30.0,620,20.666666666666668,FMP4,True,,Locked 1920x1080 new-scene holdout opened after model selection
shoplifting/shoplifting-1.mp4,train,D_navy_stripe,1,2904596,267d5ae4976a52e46675225cd860c5442697a98cdfb01c266a1460442ee62a15,640,480,30.0,311,10.366666666666667,FMP4,True,,Primary navy/striped-shirt actor and connected takes
shoplifting/shoplifting-2.mp4,val,H_navy_cap,1,4835690,00258ea84c4163b7fee32ed1e3dfdb614ed3565f023b5251280d5a746b5da3e7,640,480,30.0,341,11.366666666666667,FMP4,True,,Primary navy-cap actor and connected takes
shoplifting/shoplifting-3.mp4,val,G_brown_plaid,1,4139065,fa8fadd3c211e44d959f53005ed53617730fdf243ec92128aae7b52700f61d39,640,480,30.0,335,11.166666666666666,FMP4,True,,Primary brown-plaid/masked actor
shoplifting/shoplifting-4.mp4,val,H_navy_cap,1,4616310,9bf4e4262339196556c8aedaf8f8f9b6180d66e775e7d3e9ff475b4319e5dee2,640,480,30.0,343,11.433333333333334,FMP4,True,,Primary navy-cap actor and connected takes
shoplifting/shoplifting-5.mp4,test,IJK_connected_session,1,3892598,acb6645121f76fcf9f7a17d7c39097bede70a8bc40a2148bd51613506038be1e,640,480,30.0,357,11.9,FMP4,True,,"Red, green, and blue actors co-occur in one connected session"
shoplifting/shoplifting-6.mp4,test,IJK_connected_session,1,3694096,75d20c965711f501186057152d8ffbdf37fb8f1c31dad93806c52765d516f2ad,640,480,30.0,334,11.133333333333333,FMP4,True,,"Red, green, and blue actors co-occur in one connected session"
shoplifting/shoplifting-7.mp4,test,IJK_connected_session,1,3647701,5480706f53ce66af3b1aa9ea772f7c5540df2dd7f0eff91f67ad233965140353,640,480,30.0,342,11.4,FMP4,True,,"Red, green, and blue actors co-occur in one connected session"
shoplifting/shoplifting-8.mp4,train,A_checkered,1,4444058,5becb80e65439c856b520eea49c7af55e80edeafc110b246d482da63c62726b2,640,480,30.0,316,10.533333333333333,FMP4,True,,Primary checkered-shirt actor and connected takes
shoplifting/shoplifting-9.mp4,train,A_checkered,1,4881150,ce17a98a96fae8f2105c52d2ff3b1e730f1dc6e6145bece91dadd15700a44134,640,480,30.0,354,11.8,FMP4,True,,Primary checkered-shirt actor and connected takes
shoplifting/shoplifting-10.mp4,train,B_light_blue,1,4251641,969d2d31f1ead328dce9f63b8ae1573d4a53a4bd470508b9c0b7cff878a7fe7b,640,480,30.0,321,10.7,FMP4,True,,Primary light-blue-shirt actor and connected takes
shoplifting/shoplifting-11.mp4,train,B_light_blue,1,4581503,7cea9c09f87cf55c445f1e62f6022a1d09c6afbbdb86417888f46fcd359e5642,640,480,30.0,344,11.466666666666667,FMP4,True,,Primary light-blue-shirt actor and connected takes
shoplifting/shoplifting-12.mp4,train,B_light_blue,1,4457496,ac058ebaf7525e5c2e5fc9e9f2639ebaa1388f60039474b7e7db1fc55a9deb10,640,480,30.0,322,10.733333333333333,FMP4,True,,Primary light-blue-shirt actor and connected takes
shoplifting/shoplifting-13.mp4,train,B_light_blue,1,2832870,b5db4033c940fb3a41f9c1c3c31d665a2fd9d7c8d8d49a60dbc67e7ef7107a21,640,480,30.0,334,11.133333333333333,FMP4,True,,Primary light-blue-shirt actor and connected takes
shoplifting/shoplifting-14.mp4,train,C_purple,1,2492866,68b545bce7032188a8cd42ba79fed07d8b585fe26ea5cd2c704cf77b05c04878,640,480,30.0,325,10.833333333333334,FMP4,True,,Primary purple-shirt actor and connected takes
shoplifting/shoplifting-15.mp4,train,C_purple,1,2001025,1c098eab92230b2fa99cac7905710614db6bdafb651e32b77f38a907f692f995,640,480,30.0,312,10.4,FMP4,True,,Primary purple-shirt actor and connected takes
shoplifting/shoplifting-16.mp4,train,D_navy_stripe,1,3313105,dfef8e00bec5bf3ec5ac8b5bd9a37996fe3561ffd1b60ae6a8c24ce4059c3dd4,640,480,30.0,306,10.2,FMP4,True,,Primary navy/striped-shirt actor and connected takes
shoplifting/shoplifting-17.mp4,train,D_navy_stripe,1,3156453,1c60ee6f23b092319012c43841e22d61436fb5c86d0f441b00196455fbd7b577,640,480,30.0,321,10.7,FMP4,True,,Primary navy/striped-shirt actor and connected takes
shoplifting/shoplifting-18.mp4,train,D_navy_stripe,1,3015841,df5ebf89fd1b2b79dccdf7e787b2a3ef03270391a17e1dddbe4930cc79424c3c,640,480,30.0,341,11.366666666666667,FMP4,True,,Primary navy/striped-shirt actor and connected takes
shoplifting/shoplifting-19.mp4,train,D_navy_stripe,1,3657163,f134cc44afc044705dfba39dda1b3efe8b632d95ad0a8af7c553483cd1909bb5,640,480,30.0,305,10.166666666666666,FMP4,True,,Primary navy/striped-shirt actor and connected takes
shoplifting/shoplifting-20.mp4,train,D_navy_stripe,1,3100137,0b139d0a3d6c0c9c99b4ad5e24d916f202d64fa3cced0f9a351775aecd29e063,640,480,30.0,335,11.166666666666666,FMP4,True,,Primary navy/striped-shirt actor and connected takes
shoplifting/shoplifting-21.mp4,train,A_checkered,1,3431611,74f45cdaf91b3b7cdef08a36525c8fae6780efcc586c261f9df9176de829d9f6,640,480,30.0,320,10.666666666666666,FMP4,True,,Primary checkered-shirt actor and connected takes
shoplifting/shoplifting-22.mp4,train,C_purple,1,2623353,40ee80a17425e6d1dd31f86f7bc953039a4d3ddb0aaf529d70413a8175d4f1bf,640,480,30.0,326,10.866666666666667,FMP4,True,,Primary purple-shirt actor and connected takes
shoplifting/shoplifting-23.mp4,train,D_navy_stripe,1,3172191,3cd25e2fc9ba65da886d1d1a15015dfaa3f1849f518a59c4593f0d2440449b45,640,480,30.0,335,11.166666666666666,FMP4,True,,Primary navy/striped-shirt actor and connected takes
shoplifting/shoplifting-24.mp4,test,IJK_connected_session,1,3477102,e8475e528a16df7b04aa94c17f049c8cb568319ae34dac25359ef7b239590e80,640,480,30.0,327,10.9,FMP4,True,,"Red, green, and blue actors co-occur in one connected session"
shoplifting/shoplifting-25.mp4,train,D_navy_stripe,1,3124628,d7a0fa54cbfc523d6b778f12f2f5ee7d86197190f35258c9b83e8ed82fb932a4,640,480,30.0,335,11.166666666666666,FMP4,True,,Primary navy/striped-shirt actor and connected takes
shoplifting/shoplifting-26.mp4,test,IJK_connected_session,1,3424360,2a9fb4060616a2522a5dc26817c9029d65c3e293bc4091455be84beaaf5ddf6c,640,480,30.0,320,10.666666666666666,FMP4,True,,"Red, green, and blue actors co-occur in one connected session"
shoplifting/shoplifting-27.mp4,test,IJK_connected_session,1,3497557,3af961bef5060167f4e66a47f4ccc5c38bd4380c5b88cfda70a7801186d978b7,640,480,30.0,309,10.3,FMP4,True,,"Red, green, and blue actors co-occur in one connected session"
shoplifting/shoplifting-28.mp4,test,IJK_connected_session,1,3899719,a61def3e743ba8c5da0eebd02452f4e381bc426eed641b8fe99ea58f1a9a97d5,640,480,30.0,334,11.133333333333333,FMP4,True,,"Red, green, and blue actors co-occur in one connected session"
shoplifting/shoplifting-29.mp4,train,A_checkered,1,4671679,34af243941e35de6b05bcced6b9391382cb7128cd92f3664ed208b6e005063cf,640,480,30.0,347,11.566666666666666,FMP4,True,,Primary checkered-shirt actor and connected takes
shoplifting/shoplifting-30.mp4,val,H_navy_cap,1,4286510,19acd4fca81ff9e247e43611e81cb4fa3cd5aeee8f5de63e837ba89ff4843216,640,480,30.0,320,10.666666666666666,FMP4,True,,Primary navy-cap actor and connected takes
shoplifting/shoplifting-31.mp4,val,H_navy_cap,1,4003881,060850d3c14487459f93c1e11b1cebebc016aadaa0c6577512fb65fcaca73533,640,480,30.0,316,10.533333333333333,FMP4,True,,Primary navy-cap actor and connected takes
shoplifting/shoplifting-32.mp4,val,G_brown_plaid,1,4209750,64e77d9259ed5e8ecaba80d272b7f530075668100bc474ca5a4aa048ec2f5f95,640,480,30.0,322,10.733333333333333,FMP4,True,,Primary brown-plaid/masked actor
shoplifting/shoplifting-33.mp4,test,F_gray_backpack,1,4439916,276a2e8efdbafc8ea7f843c69416ab710bad5e81c47571b98fee05a6e6e506a3,640,480,30.0,327,10.9,FMP4,True,,Primary gray-plaid/backpack actor
shoplifting/shoplifting-34.mp4,test,F_gray_backpack,1,4335902,ab2c258216025afcdc05af4c6aff67cd9539ccb33f097242ff5c7fe6ae9ec420,640,480,30.0,300,10.0,FMP4,True,,Primary gray-plaid/backpack actor
shoplifting/shoplifting-35.mp4,test,F_gray_backpack,1,4114625,eceaa692060d66311ad66df3d9705bfa6f4b1e6e436ae4815eb82aa8ba3a7a36,640,480,30.0,313,10.433333333333334,FMP4,True,,Primary gray-plaid/backpack actor
shoplifting/shoplifting-36.mp4,test,F_gray_backpack,1,3645366,e68fb5d1004044f7f0450670e46b55534da4f8314fe2a11b18501f87d0824b5b,640,480,30.0,273,9.1,FMP4,True,,Primary gray-plaid/backpack actor
shoplifting/shoplifting-37.mp4,val,H_navy_cap,1,4225045,0b197d07b2ad0a7daf4cb30e6ab977cf09d92d2592cf478a2ccbb64ee44bd224,640,480,30.0,329,10.966666666666667,FMP4,True,,Primary navy-cap actor and connected takes
shoplifting/shoplifting-38.mp4,val,H_navy_cap,1,3944716,c431d03bcf6f7a4a2be030bc76c49ff9d7d94124185d6e5436e236881d436fa6,640,480,30.0,318,10.6,FMP4,True,,Primary navy-cap actor and connected takes
shoplifting/shoplifting-39.mp4,val,G_brown_plaid,1,4529661,430b4f36fe7d5f6c1352a3b740f2ea58a278d9f498b11333231f4f113a751a25,640,480,30.0,346,11.533333333333333,FMP4,True,,Primary brown-plaid/masked actor
shoplifting/shoplifting-40.mp4,val,G_brown_plaid,1,4283805,29921b5ae54789ad2880a3ce527632ae27827f89f98521d95b24020ffa0c8c3a,640,480,30.0,324,10.8,FMP4,True,,Primary brown-plaid/masked actor
shoplifting/shoplifting-41.mp4,test,IJK_connected_session,1,2336412,5691709cb6b6c1fbf1129d04e3b6330faaeebe24d077dd21d3ae43086bea407e,640,480,30.0,211,7.033333333333333,FMP4,True,,"Red, green, and blue actors co-occur in one connected session"
shoplifting/shoplifting-42.mp4,test,IJK_connected_session,1,3348754,ec5825bcd4babf461c12e45675f8f8dcb24b926b426e267fbff95579da0ce4b5,640,480,30.0,311,10.366666666666667,FMP4,True,,"Red, green, and blue actors co-occur in one connected session"
shoplifting/shoplifting-43.mp4,test,IJK_connected_session,1,4892343,c213373cee8c1c5e8f4a4b6971c6510d023f663308d440339b89588c365c0e52,640,480,30.0,397,13.233333333333333,FMP4,True,,"Red, green, and blue actors co-occur in one connected session"
shoplifting/shoplifting-44.mp4,test,IJK_connected_session,1,4571308,30c830cef098a789bbf8478ec9dcda1bf062d932357e33adf3ff00b6a6949112,640,480,30.0,357,11.9,FMP4,True,,"Red, green, and blue actors co-occur in one connected session"
shoplifting/shoplifting-45.mp4,test,IJK_connected_session,1,4807076,2d5692a9e2490779fd8e997f1a419cc96c8d69aad5926c98131d01abe61dbf3e,640,480,30.0,365,12.166666666666666,FMP4,True,,"Red, green, and blue actors co-occur in one connected session"
shoplifting/shoplifting-46.mp4,test,IJK_connected_session,1,3871419,30ad80ff8c4e6457c59ea601675597041d4c8844061ad18c35b323607a423153,640,480,30.0,327,10.9,FMP4,True,,"Red, green, and blue actors co-occur in one connected session"
shoplifting/shoplifting-47.mp4,test,IJK_connected_session,1,4232017,d2ed058b9ce5a0925b7206a0bd05b3b7bb1eabd135c5995018285157b23a14fd,640,480,30.0,325,10.833333333333334,FMP4,True,,"Red, green, and blue actors co-occur in one connected session"
shoplifting/shoplifting-48.mp4,test,IJK_connected_session,1,4879202,9a98c39e994101dc0d7699ed0c036536cdaf0aa5f532d60cb15e722491d3f635,640,480,30.0,353,11.766666666666667,FMP4,True,,"Red, green, and blue actors co-occur in one connected session"
shoplifting/shoplifting-50.mp4,qualitative,qualitative_new_angle,1,5120964,2cea6e77e1a16faeef0fd88a7c75e42319e33b6c9577efa893c940c71cdf8e72,640,480,30.0,363,12.1,FMP4,True,,Positive-only different computer-lab angle; qualitative probe
shoplifting/shoplifting-51.mp4,test,IJK_connected_session,1,3951464,6527313fe5ae2a09b99d7b3841323f2770a5e719a3a639866f017b915604d159,640,480,30.0,343,11.433333333333334,FMP4,True,,"Red, green, and blue actors co-occur in one connected session"
shoplifting/shoplifting-52.mp4,train,A_checkered,1,4352764,9d71272be5118ea689f2059859cd1f2ba47c3dca8d951d2696a04b31f14a0d3b,640,480,30.0,326,10.866666666666667,FMP4,True,,Primary checkered-shirt actor and connected takes
shoplifting/shoplifting-53.mp4,train,A_checkered,1,4803791,6abb99350c1b10aef0ec73b8379a9fdb61c6ac7b293d80b8a0afa4a4f72b0b5b,640,480,30.0,347,11.566666666666666,FMP4,True,,Primary checkered-shirt actor and connected takes
shoplifting/shoplifting-54.mp4,train,A_checkered,1,4702859,bcd90fcdc3006044c24ceec7d94e97b2e77c8f7ba34da466ca8915e88c2873aa,640,480,30.0,347,11.566666666666666,FMP4,True,,Primary checkered-shirt actor and connected takes
shoplifting/shoplifting-55.mp4,train,A_checkered,1,3921505,10b9b5bd69440bbf61a63a7a03c2ae8a447c3a27a13c42b764f7b398b1ffe79b,640,480,30.0,315,10.5,FMP4,True,,Primary checkered-shirt actor and connected takes
shoplifting/shoplifting-56.mp4,train,A_checkered,1,4716532,2b67c7388e514dd887b8cb224c59ba4b1cae63114ef5e83124dd8cc04ce9f806,640,480,30.0,347,11.566666666666666,FMP4,True,,Primary checkered-shirt actor and connected takes
shoplifting/shoplifting-57.mp4,train,A_checkered,1,4788324,0fad500838e47447ddbc76af308f0596055ad7d5b23849c5af0dbf3af35fcbf7,640,480,30.0,347,11.566666666666666,FMP4,True,,Primary checkered-shirt actor and connected takes
shoplifting/shoplifting-58.mp4,train,A_checkered,1,3116905,3793b24284e4b55a175077532cd54fbe0f4e20bdc890d5290e5e814fd87d91e7,640,480,30.0,320,10.666666666666666,FMP4,True,,Primary checkered-shirt actor and connected takes
shoplifting/shoplifting-59.mp4,train,A_checkered,1,2868190,0803cc13fe6dcac3ea79a242ef830ce15861fff1c552b24d794db90339681c35,640,480,30.0,320,10.666666666666666,FMP4,True,,Primary checkered-shirt actor and connected takes
shoplifting/shoplifting-60.mp4,train,B_light_blue,1,4364580,864b3b20fd54839f5c12ce6bbd68f0cfc118b9f445e976ade3a532681f3aae3d,640,480,30.0,321,10.7,FMP4,True,,Primary light-blue-shirt actor and connected takes
shoplifting/shoplifting-61.mp4,train,B_light_blue,1,4151344,e28302fe4c20e604aa55e112916fd333f2c239484ff6656702bcab53e62051b1,640,480,30.0,308,10.266666666666667,FMP4,True,,Primary light-blue-shirt actor and connected takes
shoplifting/shoplifting-62.mp4,train,B_light_blue,1,4349271,ba660a4350a6713dba64f822cda0e54b70f30f2518744556192ffe5c2587f8ad,640,480,30.0,322,10.733333333333333,FMP4,True,,Primary light-blue-shirt actor and connected takes
shoplifting/shoplifting-63.mp4,train,B_light_blue,1,4453046,d73c558006819bedba4fbbed80efde94301b522669401d553501ee560c9f636c,640,480,30.0,323,10.766666666666667,FMP4,True,,Primary light-blue-shirt actor and connected takes
shoplifting/shoplifting-64.mp4,train,B_light_blue,1,4751129,7c515ab9025833fbcd2dcc933c74797e7b9aab01c71fe4dd22e293fd611f66d6,640,480,30.0,344,11.466666666666667,FMP4,True,,Primary light-blue-shirt actor and connected takes
shoplifting/shoplifting-65.mp4,train,B_light_blue,1,3715939,b1f56f9412b487bb7c46c226463ab78c3b168d49c68197fd0f11d5fbc6a83c31,640,480,30.0,314,10.466666666666667,FMP4,True,,Primary light-blue-shirt actor and connected takes
shoplifting/shoplifting-66.mp4,train,B_light_blue,1,3287479,59b7fc054ffb8db43ec26729a3edfad3fad54cbbf48ecbcade8c053f805a66f6,640,480,30.0,333,11.1,FMP4,True,,Primary light-blue-shirt actor and connected takes
shoplifting/shoplifting-67.mp4,train,B_light_blue,1,2704684,58f54bf6f07161a5ccc5092c0a37669ae327dfa0bc8b7ed1e012287a94b40ab7,640,480,30.0,296,9.866666666666667,FMP4,True,,Primary light-blue-shirt actor and connected takes
shoplifting/shoplifting-68.mp4,train,B_light_blue,1,3248937,8f10fc2c1bf234f7eec5e62138642fc41b27e05abad72b008c7a6b89ed25d35a,640,480,30.0,316,10.533333333333333,FMP4,True,,Primary light-blue-shirt actor and connected takes
shoplifting/shoplifting-69.mp4,train,B_light_blue,1,2838928,9b120fbb93c37249a5a8374d058c6d8b35f9eae4d4fa3954c52f9021e9432da9,640,480,30.0,325,10.833333333333334,FMP4,True,,Primary light-blue-shirt actor and connected takes
shoplifting/shoplifting-70.mp4,train,B_light_blue,1,2731129,85bbc2fd239486b5327711ebec0af4c066fcd121a6a314a583e38491e602aaca,640,480,30.0,326,10.866666666666667,FMP4,True,,Primary light-blue-shirt actor and connected takes
shoplifting/shoplifting-71.mp4,train,C_purple,1,2788595,0e82d86fab5c37d6e9073ffb30f7c3aa412d983d2b79879a1472c3ceb91504e9,640,480,30.0,309,10.3,FMP4,True,,Primary purple-shirt actor and connected takes
shoplifting/shoplifting-72.mp4,train,C_purple,1,2741512,0e6bda8b5b84e43ea0b5b107d853e27457d8084900e0e37491c72cded3288a22,640,480,30.0,323,10.766666666666667,FMP4,True,,Primary purple-shirt actor and connected takes
shoplifting/shoplifting-73.mp4,train,C_purple,1,3765424,dd35180c373462af50cb368ec78269ba1bbfb0e2750667ae031f6a26e48b2b91,640,480,30.0,323,10.766666666666667,FMP4,True,,Primary purple-shirt actor and connected takes
shoplifting/shoplifting-74.mp4,train,C_purple,1,2521763,166a9d9bca629c5eda4d23f688b29801b7d9ff5ad810ac0d6cc0badb92e5de2a,640,480,30.0,325,10.833333333333334,FMP4,True,,Primary purple-shirt actor and connected takes
shoplifting/shoplifting-75.mp4,train,C_purple,1,2217281,c51888895f9b8957490aaa852878bae3da634b5c1de0bf7749c8c3f7a44c73c8,640,480,30.0,290,9.666666666666666,FMP4,True,,Primary purple-shirt actor and connected takes
shoplifting/shoplifting-76.mp4,train,C_purple,1,2639806,52302e4564c9198ff4a5630d601ece63f81babec36c7553ea1181765ae4aa0eb,640,480,30.0,343,11.433333333333334,FMP4,True,,Primary purple-shirt actor and connected takes
shoplifting/shoplifting-77.mp4,train,C_purple,1,2404840,0b6cbf89415f08eb198ef877797c39926b06a868c04813fbc1ba3f12fe09cc1a,640,480,30.0,346,11.533333333333333,FMP4,True,,Primary purple-shirt actor and connected takes
shoplifting/shoplifting-78.mp4,train,C_purple,1,2380115,eff9894b799db3fddf9f4ec9985a67452fc4bb2583f64a6a8b6c423542415624,640,480,30.0,346,11.533333333333333,FMP4,True,,Primary purple-shirt actor and connected takes
shoplifting/shoplifting-79.mp4,train,D_navy_stripe,1,3151344,d5be2043cbee42009f29a9eee6e8a4ddf999226d7d69d479d5b0868692d2ab88,640,480,30.0,316,10.533333333333333,FMP4,True,,Primary navy/striped-shirt actor and connected takes
shoplifting/shoplifting-80.mp4,train,D_navy_stripe,1,3445863,d5d5df371f462f8acafba6d376afbf6edc819cc843618708779a2e981c7d39f1,640,480,30.0,340,11.333333333333334,FMP4,True,,Primary navy/striped-shirt actor and connected takes
shoplifting/shoplifting-81.mp4,train,D_navy_stripe,1,3160430,ac52e49dc36bf12da750c1e67f66e997193ffa0da66060db404ef052f4a4f9e0,640,480,30.0,321,10.7,FMP4,True,,Primary navy/striped-shirt actor and connected takes
shoplifting/shoplifting-82.mp4,train,D_navy_stripe,1,3150823,311d0bc2cdcd9598e6e21dd4c68d376a1f5f295553640fc7a3c3c07f70c13c41,640,480,30.0,321,10.7,FMP4,True,,Primary navy/striped-shirt actor and connected takes
shoplifting/shoplifting-83.mp4,train,D_navy_stripe,1,2835000,408e8cfb6a0363deb595e71bba461552d15fe7fb84d15eb99270438eabddb712,640,480,30.0,310,10.333333333333334,FMP4,True,,Primary navy/striped-shirt actor and connected takes
shoplifting/shoplifting-84.mp4,train,D_navy_stripe,1,3073774,a3d6e6e97873c9519c572eea70e8c7c8b212a29d4ebe4371fa1f793c7203acd0,640,480,30.0,341,11.366666666666667,FMP4,True,,Primary navy/striped-shirt actor and connected takes
shoplifting/shoplifting-85.mp4,train,D_navy_stripe,1,3074530,cbe01587261cba9e9b10e3e7ac5be98706dd162fca40250cf39ae17c65d9911d,640,480,30.0,341,11.366666666666667,FMP4,True,,Primary navy/striped-shirt actor and connected takes
shoplifting/shoplifting-86.mp4,train,D_navy_stripe,1,3024784,4da286f21620acfb478d8b885d707f0c43eb05cc583125ddf9153446609cd3ee,640,480,30.0,341,11.366666666666667,FMP4,True,,Primary navy/striped-shirt actor and connected takes
shoplifting/shoplifting-87.mp4,train,D_navy_stripe,1,3458970,8ade2484750e631b500e39dcbfe61c591cf00cbd64688edc73bbea4cee0584af,640,480,30.0,336,11.2,FMP4,True,,Primary navy/striped-shirt actor and connected takes
shoplifting/shoplifting-88.mp4,ood,HR_new_scene,1,12948590,da1c8317994f56fb007ff6434c052cb7480a7367738f4d2563835d932ab6853e,1920,1080,30.0,320,10.666666666666666,FMP4,True,,Locked 1920x1080 new-scene holdout opened after model selection
shoplifting/shoplifting-89.mp4,ood,HR_new_scene,1,15320688,7c541963ca2f1b2c3ffc7f4fe7e3332ac8bb355a8a698571846bf006011bf97f,1920,1080,30.0,404,13.466666666666667,FMP4,True,,Locked 1920x1080 new-scene holdout opened after model selection
shoplifting/shoplifting-90.mp4,ood,HR_new_scene,1,14187778,fc89d009d9299a9afefbe062bc3612711783ad2aa3435e2fa1a52c1d5b224959,1920,1080,30.0,373,12.433333333333334,FMP4,True,,Locked 1920x1080 new-scene holdout opened after model selection
shoplifting/shoplifting-91.mp4,ood,HR_new_scene,1,11396654,e87ba2f6b02452d54b994a0a1b8de21ca09876edf960fdaa985dde7405203e67,1920,1080,30.0,262,8.733333333333333,FMP4,True,,Locked 1920x1080 new-scene holdout opened after model selection
shoplifting/shoplifting-92.mp4,ood,HR_new_scene,1,14293100,c5a35cbf7637063c8e4cfa08dd5d124a0fc614e1ff3300cd69172fa54b5d36b3,1920,1080,30.0,373,12.433333333333334,FMP4,True,,Locked 1920x1080 new-scene holdout opened after model selection
shoplifting/shoplifting-93.mp4,ood,HR_new_scene,1,13637336,5b2ca63800fec73b10f31c78bb7413fca8332850cbc9e83287aa06e368aa6527,1920,1080,30.0,340,11.333333333333334,FMP4,True,,Locked 1920x1080 new-scene holdout opened after model selection
