relative_path,split,actor_group,ground_truth,ground_truth_name,shoplifting_probability,predicted_label,predicted_name,correct,threshold,clip_center_fractions,clip_shoplifting_probabilities,top_2_clip_indices
normal/normal-1.mp4,train,A_checkered,0,Normal,0.01942119561135769,0,Normal,True,0.5,0.120000|0.246667|0.373333|0.500000|0.626667|0.753333|0.880000,0.01064829|0.00803179|0.00869779|0.01021948|0.01434146|0.01796495|0.02031283,6|5
normal/normal-2.mp4,train,B_light_blue,0,Normal,0.20590107142925262,0,Normal,True,0.5,0.120000|0.246667|0.373333|0.500000|0.626667|0.753333|0.880000,0.14788538|0.14140041|0.06996880|0.07105393|0.05012303|0.09567594|0.27379495,6|0
normal/normal-3.mp4,train,B_light_blue,0,Normal,0.009721023961901665,0,Normal,True,0.5,0.120000|0.246667|0.373333|0.500000|0.626667|0.753333|0.880000,0.00383278|0.00220613|0.00318550|0.00511068|0.01111201|0.00774807|0.00619429,4|5
normal/normal-4.mp4,train,B_light_blue,0,Normal,0.015002083964645863,0,Normal,True,0.5,0.120000|0.246667|0.373333|0.500000|0.626667|0.753333|0.880000,0.02224819|0.00952589|0.00414818|0.00315065|0.00314796|0.00320130|0.00603326,0|1
normal/normal-5.mp4,train,B_light_blue,0,Normal,0.012794101610779762,0,Normal,True,0.5,0.120000|0.246667|0.373333|0.500000|0.626667|0.753333|0.880000,0.01273601|0.01162807|0.01122718|0.01071087|0.00896566|0.00547514|0.00818579,0|1
normal/normal-6.mp4,train,C_purple,0,Normal,0.02942870557308197,0,Normal,True,0.5,0.120000|0.246667|0.373333|0.500000|0.626667|0.753333|0.880000,0.03832654|0.01967783|0.00724539|0.00788135|0.01169284|0.01272684|0.01944247,0|1
normal/normal-7.mp4,train,D_navy_stripe,0,Normal,0.1811567097902298,0,Normal,True,0.5,0.120000|0.246667|0.373333|0.500000|0.626667|0.753333|0.880000,0.01182595|0.07303316|0.14301081|0.21842812|0.08762039|0.10867016|0.01492955,3|2
normal/normal-8.mp4,train,D_navy_stripe,0,Normal,0.030574005097150803,0,Normal,True,0.5,0.120000|0.246667|0.373333|0.500000|0.626667|0.753333|0.880000,0.02914126|0.02771173|0.00888872|0.01985190|0.01826181|0.01705113|0.01851638,0|1
normal/normal-9.mp4,train,D_navy_stripe,0,Normal,0.05222979187965393,0,Normal,True,0.5,0.120000|0.246667|0.373333|0.500000|0.626667|0.753333|0.880000,0.00692751|0.02268891|0.03389386|0.00898671|0.07375980|0.02468576|0.03027429,4|2
normal/normal-10.mp4,train,D_navy_stripe,0,Normal,0.0275723934173584,0,Normal,True,0.5,0.120000|0.246667|0.373333|0.500000|0.626667|0.753333|0.880000,0.00716416|0.01650268|0.01764433|0.03516602|0.01494881|0.01945020|0.00558386,3|5
normal/normal-11.mp4,train,E_older_plaid,0,Normal,0.05678360536694527,0,Normal,True,0.5,0.120000|0.246667|0.373333|0.500000|0.626667|0.753333|0.880000,0.02316178|0.01508787|0.05729200|0.01830417|0.01263733|0.01836718|0.05254861,2|6
normal/normal-17.mp4,train,C_purple,0,Normal,0.028218578547239304,0,Normal,True,0.5,0.120000|0.246667|0.373333|0.500000|0.626667|0.753333|0.880000,0.01219194|0.01813889|0.02102085|0.02419693|0.02806414|0.02260586|0.01745510,4|3
normal/normal-18.mp4,train,A_checkered,0,Normal,0.14471057057380676,0,Normal,True,0.5,0.120000|0.246667|0.373333|0.500000|0.626667|0.753333|0.880000,0.13471663|0.10301558|0.06005372|0.03806597|0.05083229|0.06677435|0.15318675,6|0
normal/normal-19.mp4,train,A_checkered,0,Normal,0.20852923393249512,0,Normal,True,0.5,0.120000|0.246667|0.373333|0.500000|0.626667|0.753333|0.880000,0.13970171|0.10246276|0.12802167|0.26369694|0.08795754|0.04059957|0.16004652,3|6
normal/normal-20.mp4,train,A_checkered,0,Normal,0.31813275814056396,0,Normal,True,0.5,0.120000|0.246667|0.373333|0.500000|0.626667|0.753333|0.880000,0.30997923|0.32512429|0.29632097|0.21273847|0.07259058|0.12315594|0.12856326,1|0
normal/normal-21.mp4,train,B_light_blue,0,Normal,0.7066407203674316,1,Shoplifting,False,0.5,0.120000|0.246667|0.373333|0.500000|0.626667|0.753333|0.880000,0.62911856|0.72717941|0.51886541|0.34764764|0.52915627|0.56331468|0.69070917,1|6
normal/normal-22.mp4,train,B_light_blue,0,Normal,0.010269281454384327,0,Normal,True,0.5,0.120000|0.246667|0.373333|0.500000|0.626667|0.753333|0.880000,0.00165537|0.00205578|0.00403614|0.00326255|0.00450756|0.00753499|0.01224516,6|5
normal/normal-24.mp4,train,A_checkered,0,Normal,0.32339364290237427,0,Normal,True,0.5,0.120000|0.246667|0.373333|0.500000|0.626667|0.753333|0.880000,0.16855846|0.35231081|0.29551077|0.12264058|0.11299928|0.02522490|0.09871923,1|2
normal/normal-44.mp4,train,A_checkered,0,Normal,0.10476275533437729,0,Normal,True,0.5,0.120000|0.246667|0.373333|0.500000|0.626667|0.753333|0.880000,0.01958189|0.05239677|0.12034177|0.08813373|0.05085069|0.04189589|0.05236541,2|3
normal/normal-45.mp4,train,A_checkered,0,Normal,0.8727580904960632,1,Shoplifting,False,0.5,0.120000|0.246667|0.373333|0.500000|0.626667|0.753333|0.880000,0.05328243|0.72481388|0.85751414|0.82800877|0.84450287|0.87061536|0.88066751,6|5
normal/normal-46.mp4,train,A_checkered,0,Normal,0.05407782644033432,0,Normal,True,0.5,0.120000|0.246667|0.373333|0.500000|0.626667|0.753333|0.880000,0.00897054|0.01628406|0.04141576|0.03057390|0.03137571|0.01666031|0.06452388,6|2
normal/normal-47.mp4,train,A_checkered,0,Normal,0.16967372596263885,0,Normal,True,0.5,0.120000|0.246667|0.373333|0.500000|0.626667|0.753333|0.880000,0.05662430|0.16678150|0.11361162|0.17104925|0.08297314|0.07088695|0.07344987,3|1
normal/normal-48.mp4,train,A_checkered,0,Normal,0.2384704351425171,0,Normal,True,0.5,0.120000|0.246667|0.373333|0.500000|0.626667|0.753333|0.880000,0.06830184|0.06258054|0.03531862|0.09548753|0.25998521|0.18106461|0.21692653,4|6
normal/normal-49.mp4,train,A_checkered,0,Normal,0.3601985573768616,0,Normal,True,0.5,0.120000|0.246667|0.373333|0.500000|0.626667|0.753333|0.880000,0.37776181|0.19150238|0.31344521|0.34257641|0.27962407|0.18943171|0.09768949,0|3
normal/normal-50.mp4,train,A_checkered,0,Normal,0.28393664956092834,0,Normal,True,0.5,0.120000|0.246667|0.373333|0.500000|0.626667|0.753333|0.880000,0.06467091|0.05236280|0.18168831|0.17264268|0.34352672|0.23068734|0.17297234,4|5
normal/normal-53.mp4,train,A_checkered,0,Normal,0.13181059062480927,0,Normal,True,0.5,0.120000|0.246667|0.373333|0.500000|0.626667|0.753333|0.880000,0.08723872|0.16665320|0.05968546|0.05278324|0.10123244|0.08496271|0.03748984,1|4
normal/normal-54.mp4,train,B_light_blue,0,Normal,0.465867280960083,0,Normal,True,0.5,0.120000|0.246667|0.373333|0.500000|0.626667|0.753333|0.880000,0.38254845|0.13575859|0.26620510|0.26119563|0.36776656|0.55070025|0.31736907,5|0
normal/normal-55.mp4,train,B_light_blue,0,Normal,0.29994258284568787,0,Normal,True,0.5,0.120000|0.246667|0.373333|0.500000|0.626667|0.753333|0.880000,0.10632087|0.24275260|0.36294124|0.15088874|0.13372171|0.18161057|0.13309483,2|1
normal/normal-57.mp4,train,B_light_blue,0,Normal,0.021809760481119156,0,Normal,True,0.5,0.120000|0.246667|0.373333|0.500000|0.626667|0.753333|0.880000,0.01272266|0.01030068|0.00550310|0.00861525|0.01441372|0.03129007|0.00534951,5|4
normal/normal-58.mp4,train,B_light_blue,0,Normal,0.01213518250733614,0,Normal,True,0.5,0.120000|0.246667|0.373333|0.500000|0.626667|0.753333|0.880000,0.00979103|0.00692893|0.00595298|0.00649332|0.01197539|0.01110327|0.00908088,4|5
normal/normal-59.mp4,train,B_light_blue,0,Normal,0.014160635881125927,0,Normal,True,0.5,0.120000|0.246667|0.373333|0.500000|0.626667|0.753333|0.880000,0.01084011|0.01351974|0.00810920|0.00462360|0.01333763|0.00726840|0.00346980,1|4
normal/normal-60.mp4,train,B_light_blue,0,Normal,0.005476576276123524,0,Normal,True,0.5,0.120000|0.246667|0.373333|0.500000|0.626667|0.753333|0.880000,0.00417419|0.00189166|0.00220230|0.00312008|0.00509322|0.00417399|0.00498835,4|6
normal/normal-61.mp4,train,B_light_blue,0,Normal,0.012067681178450584,0,Normal,True,0.5,0.120000|0.246667|0.373333|0.500000|0.626667|0.753333|0.880000,0.01368384|0.00979746|0.00751828|0.00925959|0.00652675|0.00531466|0.00592428,0|1
normal/normal-62.mp4,train,B_light_blue,0,Normal,0.01946435496211052,0,Normal,True,0.5,0.120000|0.246667|0.373333|0.500000|0.626667|0.753333|0.880000,0.01390306|0.01724079|0.01272500|0.01972510|0.00541169|0.00485071|0.00712576,3|1
normal/normal-63.mp4,train,B_light_blue,0,Normal,0.00783458910882473,0,Normal,True,0.5,0.120000|0.246667|0.373333|0.500000|0.626667|0.753333|0.880000,0.00482480|0.00124633|0.00191712|0.00370497|0.00769736|0.00339592|0.00722994,4|6
normal/normal-64.mp4,train,B_light_blue,0,Normal,0.011851063929498196,0,Normal,True,0.5,0.120000|0.246667|0.373333|0.500000|0.626667|0.753333|0.880000,0.00402253|0.00366058|0.00877000|0.01403245|0.00613963|0.00471271|0.00240717,3|2
normal/normal-65.mp4,train,C_purple,0,Normal,0.06939061731100082,0,Normal,True,0.5,0.120000|0.246667|0.373333|0.500000|0.626667|0.753333|0.880000,0.02283052|0.01840326|0.01992508|0.01906546|0.03881721|0.11110939|0.01038880,5|4
normal/normal-66.mp4,train,C_purple,0,Normal,0.05704059079289436,0,Normal,True,0.5,0.120000|0.246667|0.373333|0.500000|0.626667|0.753333|0.880000,0.02695743|0.06039786|0.01390439|0.00571174|0.00658194|0.02401594|0.04954242,1|6
normal/normal-67.mp4,train,C_purple,0,Normal,0.03459208086133003,0,Normal,True,0.5,0.120000|0.246667|0.373333|0.500000|0.626667|0.753333|0.880000,0.00936649|0.02377231|0.04231654|0.02491105|0.00900611|0.00574993|0.00764497,2|3
normal/normal-68.mp4,train,C_purple,0,Normal,0.050100378692150116,0,Normal,True,0.5,0.120000|0.246667|0.373333|0.500000|0.626667|0.753333|0.880000,0.00733583|0.00811528|0.01082664|0.01188141|0.02002430|0.02865003|0.08341586,6|5
normal/normal-69.mp4,train,C_purple,0,Normal,0.7941380739212036,1,Shoplifting,False,0.5,0.120000|0.246667|0.373333|0.500000|0.626667|0.753333|0.880000,0.01713996|0.02491982|0.06899016|0.29650578|0.25365657|0.67312765|0.88950628,6|5
normal/normal-70.mp4,train,D_navy_stripe,0,Normal,0.18623211979866028,0,Normal,True,0.5,0.120000|0.246667|0.373333|0.500000|0.626667|0.753333|0.880000,0.02219578|0.01733215|0.01578745|0.02916993|0.04586693|0.43109307|0.06287993,5|6
normal/normal-71.mp4,train,D_navy_stripe,0,Normal,0.09655661880970001,0,Normal,True,0.5,0.120000|0.246667|0.373333|0.500000|0.626667|0.753333|0.880000,0.12071566|0.04939640|0.07292448|0.01476590|0.00666410|0.06898256|0.03016317,0|2
normal/normal-72.mp4,train,D_navy_stripe,0,Normal,0.07510089129209518,0,Normal,True,0.5,0.120000|0.246667|0.373333|0.500000|0.626667|0.753333|0.880000,0.03652126|0.01034202|0.00664215|0.04199414|0.04988135|0.10336228|0.02933547,5|4
normal/normal-73.mp4,train,D_navy_stripe,0,Normal,0.06300943344831467,0,Normal,True,0.5,0.120000|0.246667|0.373333|0.500000|0.626667|0.753333|0.880000,0.01640259|0.04232246|0.01722430|0.04909403|0.07590468|0.02222178|0.04120144,4|3
normal/normal-74.mp4,train,D_navy_stripe,0,Normal,0.07579967379570007,0,Normal,True,0.5,0.120000|0.246667|0.373333|0.500000|0.626667|0.753333|0.880000,0.05938338|0.08035508|0.02845608|0.05718699|0.06628413|0.01321710|0.01298780,1|4
normal/normal-75.mp4,train,D_navy_stripe,0,Normal,0.03414318710565567,0,Normal,True,0.5,0.120000|0.246667|0.373333|0.500000|0.626667|0.753333|0.880000,0.01370040|0.02737329|0.03135709|0.02003105|0.02622516|0.03221375|0.00769181,5|2
normal/normal-76.mp4,train,D_navy_stripe,0,Normal,0.03954993560910225,0,Normal,True,0.5,0.120000|0.246667|0.373333|0.500000|0.626667|0.753333|0.880000,0.02849534|0.01683437|0.01826419|0.04692718|0.00818778|0.01649979|0.01992184,3|0
normal/normal-77.mp4,train,D_navy_stripe,0,Normal,0.022490283474326134,0,Normal,True,0.5,0.120000|0.246667|0.373333|0.500000|0.626667|0.753333|0.880000,0.01535303|0.01385350|0.02237460|0.01287366|0.01856280|0.02027692|0.01710452,2|5
normal/normal-78.mp4,train,D_navy_stripe,0,Normal,0.07625339925289154,0,Normal,True,0.5,0.120000|0.246667|0.373333|0.500000|0.626667|0.753333|0.880000,0.16259398|0.03038462|0.03107262|0.00814804|0.01066061|0.01426558|0.01516132,0|2
normal/normal-79.mp4,train,D_navy_stripe,0,Normal,0.017647016793489456,0,Normal,True,0.5,0.120000|0.246667|0.373333|0.500000|0.626667|0.753333|0.880000,0.00783737|0.00898382|0.00922322|0.02049455|0.01282981|0.00550606|0.00858139,3|4
normal/normal-80.mp4,train,D_navy_stripe,0,Normal,0.023831868544220924,0,Normal,True,0.5,0.120000|0.246667|0.373333|0.500000|0.626667|0.753333|0.880000,0.01509385|0.01725113|0.01161922|0.00566284|0.01376056|0.01104710|0.02764633,6|1
normal/normal-81.mp4,train,D_navy_stripe,0,Normal,0.03679477423429489,0,Normal,True,0.5,0.120000|0.246667|0.373333|0.500000|0.626667|0.753333|0.880000,0.01468512|0.01324830|0.02162372|0.01319548|0.01524070|0.03000059|0.04115696,6|5
normal/normal-82.mp4,train,D_navy_stripe,0,Normal,0.024839485064148903,0,Normal,True,0.5,0.120000|0.246667|0.373333|0.500000|0.626667|0.753333|0.880000,0.01456772|0.01896323|0.00756833|0.01055172|0.00943298|0.01318395|0.02861596,6|1
normal/normal-83.mp4,train,D_navy_stripe,0,Normal,0.018692797049880028,0,Normal,True,0.5,0.120000|0.246667|0.373333|0.500000|0.626667|0.753333|0.880000,0.01005717|0.00525414|0.01212643|0.02420950|0.00687502|0.01002855|0.01020927,3|2
normal/normal-84.mp4,train,D_navy_stripe,0,Normal,0.02150697074830532,0,Normal,True,0.5,0.120000|0.246667|0.373333|0.500000|0.626667|0.753333|0.880000,0.01887769|0.00562401|0.00673741|0.01202442|0.00857159|0.01578484|0.02141040,6|0
normal/normal-85.mp4,train,E_older_plaid,0,Normal,0.0399380698800087,0,Normal,True,0.5,0.120000|0.246667|0.373333|0.500000|0.626667|0.753333|0.880000,0.01712437|0.02841561|0.03678917|0.03555353|0.02445521|0.01918712|0.04033324,6|2
normal/normal-86.mp4,train,E_older_plaid,0,Normal,0.04111591354012489,0,Normal,True,0.5,0.120000|0.246667|0.373333|0.500000|0.626667|0.753333|0.880000,0.01225912|0.01531536|0.01286016|0.03777423|0.04007660|0.01565872|0.03083351,4|3
shoplifting/shoplifting-1.mp4,train,D_navy_stripe,1,Shoplifting,0.915213942527771,1,Shoplifting,True,0.5,0.120000|0.246667|0.373333|0.500000|0.626667|0.753333|0.880000,0.91074383|0.70920968|0.39737362|0.78391182|0.91288221|0.92038620|0.70976251,5|4
shoplifting/shoplifting-8.mp4,train,A_checkered,1,Shoplifting,0.9308450818061829,1,Shoplifting,True,0.5,0.120000|0.246667|0.373333|0.500000|0.626667|0.753333|0.880000,0.93410754|0.88079196|0.73085493|0.81851798|0.92826289|0.91994935|0.90177184,0|4
shoplifting/shoplifting-9.mp4,train,A_checkered,1,Shoplifting,0.7389948964118958,1,Shoplifting,True,0.5,0.120000|0.246667|0.373333|0.500000|0.626667|0.753333|0.880000,0.70519543|0.65343267|0.76747674|0.69060606|0.56107920|0.16050994|0.23213343,2|0
shoplifting/shoplifting-10.mp4,train,B_light_blue,1,Shoplifting,0.953538715839386,1,Shoplifting,True,0.5,0.120000|0.246667|0.373333|0.500000|0.626667|0.753333|0.880000,0.81748873|0.92899257|0.83039910|0.48153132|0.88425547|0.97001171|0.88988316,5|1
shoplifting/shoplifting-11.mp4,train,B_light_blue,1,Shoplifting,0.9927953481674194,1,Shoplifting,True,0.5,0.120000|0.246667|0.373333|0.500000|0.626667|0.753333|0.880000,0.99313265|0.99403524|0.98437262|0.94676644|0.90963280|0.92975163|0.88434422,1|0
shoplifting/shoplifting-12.mp4,train,B_light_blue,1,Shoplifting,0.9447981119155884,1,Shoplifting,True,0.5,0.120000|0.246667|0.373333|0.500000|0.626667|0.753333|0.880000,0.78969294|0.95531589|0.70970213|0.72837824|0.93210632|0.88208145|0.86280662,1|4
shoplifting/shoplifting-13.mp4,train,B_light_blue,1,Shoplifting,0.7451686263084412,1,Shoplifting,True,0.5,0.120000|0.246667|0.373333|0.500000|0.626667|0.753333|0.880000,0.13288221|0.21145211|0.67794323|0.75485951|0.73742509|0.62259209|0.21717161,3|4
shoplifting/shoplifting-14.mp4,train,C_purple,1,Shoplifting,0.9315146207809448,1,Shoplifting,True,0.5,0.120000|0.246667|0.373333|0.500000|0.626667|0.753333|0.880000,0.71136969|0.90008408|0.95373374|0.84915769|0.85281515|0.84883845|0.57681978,2|1
shoplifting/shoplifting-15.mp4,train,C_purple,1,Shoplifting,0.8033708333969116,1,Shoplifting,True,0.5,0.120000|0.246667|0.373333|0.500000|0.626667|0.753333|0.880000,0.15327935|0.19110212|0.82770574|0.77951604|0.50818175|0.32056111|0.54481471,2|3
shoplifting/shoplifting-16.mp4,train,D_navy_stripe,1,Shoplifting,0.83624267578125,1,Shoplifting,True,0.5,0.120000|0.246667|0.373333|0.500000|0.626667|0.753333|0.880000,0.69393343|0.64124715|0.78445715|0.58328694|0.83335757|0.83963704|0.58625662,5|4
shoplifting/shoplifting-17.mp4,train,D_navy_stripe,1,Shoplifting,0.9181049466133118,1,Shoplifting,True,0.5,0.120000|0.246667|0.373333|0.500000|0.626667|0.753333|0.880000,0.53832048|0.92820436|0.90755039|0.80502033|0.13013375|0.42517766|0.25309157,1|2
shoplifting/shoplifting-18.mp4,train,D_navy_stripe,1,Shoplifting,0.930748462677002,1,Shoplifting,True,0.5,0.120000|0.246667|0.373333|0.500000|0.626667|0.753333|0.880000,0.70278186|0.50430977|0.83217013|0.96161640|0.80084944|0.55910426|0.88002217,3|6
shoplifting/shoplifting-19.mp4,train,D_navy_stripe,1,Shoplifting,0.9064816236495972,1,Shoplifting,True,0.5,0.120000|0.246667|0.373333|0.500000|0.626667|0.753333|0.880000,0.04241820|0.03379304|0.08496875|0.15412097|0.88813394|0.89815384|0.91818732,6|5
shoplifting/shoplifting-20.mp4,train,D_navy_stripe,1,Shoplifting,0.9102608561515808,1,Shoplifting,True,0.5,0.120000|0.246667|0.373333|0.500000|0.626667|0.753333|0.880000,0.86483377|0.49302933|0.84358841|0.93026751|0.89201838|0.83788180|0.63116735,3|4
shoplifting/shoplifting-21.mp4,train,A_checkered,1,Shoplifting,0.28193777799606323,0,Normal,False,0.5,0.120000|0.246667|0.373333|0.500000|0.626667|0.753333|0.880000,0.07144570|0.11472385|0.29425085|0.26974481|0.18964919|0.21209769|0.04273648,2|3
shoplifting/shoplifting-22.mp4,train,C_purple,1,Shoplifting,0.9816514253616333,1,Shoplifting,True,0.5,0.120000|0.246667|0.373333|0.500000|0.626667|0.753333|0.880000,0.92420107|0.96746451|0.99037790|0.94568264|0.85438025|0.58651775|0.68149734,2|1
shoplifting/shoplifting-23.mp4,train,D_navy_stripe,1,Shoplifting,0.8913968801498413,1,Shoplifting,True,0.5,0.120000|0.246667|0.373333|0.500000|0.626667|0.753333|0.880000,0.41250739|0.07674536|0.27481902|0.75467640|0.88882071|0.85737163|0.90033776,6|4
shoplifting/shoplifting-25.mp4,train,D_navy_stripe,1,Shoplifting,0.884911835193634,1,Shoplifting,True,0.5,0.120000|0.246667|0.373333|0.500000|0.626667|0.753333|0.880000,0.23465998|0.14022028|0.50921756|0.78885984|0.91365904|0.85242105|0.62474507,4|5
shoplifting/shoplifting-29.mp4,train,A_checkered,1,Shoplifting,0.9819122552871704,1,Shoplifting,True,0.5,0.120000|0.246667|0.373333|0.500000|0.626667|0.753333|0.880000,0.24102500|0.65742117|0.98487979|0.97916597|0.76275492|0.59071940|0.25911653,2|3
shoplifting/shoplifting-52.mp4,train,A_checkered,1,Shoplifting,0.9437219500541687,1,Shoplifting,True,0.5,0.120000|0.246667|0.373333|0.500000|0.626667|0.753333|0.880000,0.70903790|0.25165519|0.64764374|0.89453763|0.93922353|0.94820976|0.82921618,5|4
shoplifting/shoplifting-53.mp4,train,A_checkered,1,Shoplifting,0.9104543924331665,1,Shoplifting,True,0.5,0.120000|0.246667|0.373333|0.500000|0.626667|0.753333|0.880000,0.76044375|0.84268886|0.90059006|0.70715535|0.80754185|0.91948229|0.89635241,5|2
shoplifting/shoplifting-54.mp4,train,A_checkered,1,Shoplifting,0.927473247051239,1,Shoplifting,True,0.5,0.120000|0.246667|0.373333|0.500000|0.626667|0.753333|0.880000,0.88491488|0.94613117|0.90334016|0.83864039|0.85014254|0.78902519|0.46337801,1|2
shoplifting/shoplifting-55.mp4,train,A_checkered,1,Shoplifting,0.7359668612480164,1,Shoplifting,True,0.5,0.120000|0.246667|0.373333|0.500000|0.626667|0.753333|0.880000,0.66286570|0.45926639|0.42083442|0.47571415|0.50778526|0.39865005|0.79817414,6|0
shoplifting/shoplifting-56.mp4,train,A_checkered,1,Shoplifting,0.9038388133049011,1,Shoplifting,True,0.5,0.120000|0.246667|0.373333|0.500000|0.626667|0.753333|0.880000,0.45550287|0.71157360|0.86929643|0.93013144|0.68838155|0.79354435|0.68662274,3|2
shoplifting/shoplifting-57.mp4,train,A_checkered,1,Shoplifting,0.8885419964790344,1,Shoplifting,True,0.5,0.120000|0.246667|0.373333|0.500000|0.626667|0.753333|0.880000,0.85028559|0.91828167|0.62469769|0.74719572|0.75825465|0.80858761|0.50645566,1|0
shoplifting/shoplifting-58.mp4,train,A_checkered,1,Shoplifting,0.17463155090808868,0,Normal,False,0.5,0.120000|0.246667|0.373333|0.500000|0.626667|0.753333|0.880000,0.14112294|0.03748600|0.05069159|0.03966386|0.06608910|0.21328734|0.13125737,5|0
shoplifting/shoplifting-59.mp4,train,A_checkered,1,Shoplifting,0.32331085205078125,0,Normal,False,0.5,0.120000|0.246667|0.373333|0.500000|0.626667|0.753333|0.880000,0.04152481|0.13511895|0.30028829|0.18431148|0.21389130|0.34693420|0.26362780,5|2
shoplifting/shoplifting-60.mp4,train,B_light_blue,1,Shoplifting,0.975838303565979,1,Shoplifting,True,0.5,0.120000|0.246667|0.373333|0.500000|0.626667|0.753333|0.880000,0.45180702|0.97381920|0.94824290|0.83413130|0.83200806|0.93765360|0.97794777,6|1
shoplifting/shoplifting-61.mp4,train,B_light_blue,1,Shoplifting,0.9438217282295227,1,Shoplifting,True,0.5,0.120000|0.246667|0.373333|0.500000|0.626667|0.753333|0.880000,0.45404920|0.51969630|0.90373719|0.79761791|0.82275933|0.89109755|0.96748382,6|2
shoplifting/shoplifting-62.mp4,train,B_light_blue,1,Shoplifting,0.9801696538925171,1,Shoplifting,True,0.5,0.120000|0.246667|0.373333|0.500000|0.626667|0.753333|0.880000,0.83593130|0.91711813|0.96286368|0.94216758|0.93107700|0.97884583|0.98197341,6|5
shoplifting/shoplifting-63.mp4,train,B_light_blue,1,Shoplifting,0.939288318157196,1,Shoplifting,True,0.5,0.120000|0.246667|0.373333|0.500000|0.626667|0.753333|0.880000,0.93972003|0.87281638|0.90470600|0.90504324|0.93794757|0.92707938|0.87719876,0|4
shoplifting/shoplifting-64.mp4,train,B_light_blue,1,Shoplifting,0.9309343099594116,1,Shoplifting,True,0.5,0.120000|0.246667|0.373333|0.500000|0.626667|0.753333|0.880000,0.80397850|0.94574857|0.74860430|0.88476431|0.90443039|0.91019040|0.74975044,1|5
shoplifting/shoplifting-65.mp4,train,B_light_blue,1,Shoplifting,0.6274324059486389,1,Shoplifting,True,0.5,0.120000|0.246667|0.373333|0.500000|0.626667|0.753333|0.880000,0.22978413|0.04334196|0.10329343|0.42518693|0.55073649|0.69867229|0.48314571,5|4
shoplifting/shoplifting-66.mp4,train,B_light_blue,1,Shoplifting,0.6481860876083374,1,Shoplifting,True,0.5,0.120000|0.246667|0.373333|0.500000|0.626667|0.753333|0.880000,0.45340866|0.48484120|0.72300816|0.56597638|0.24098675|0.36349866|0.14214587,2|3
shoplifting/shoplifting-67.mp4,train,B_light_blue,1,Shoplifting,0.8772130012512207,1,Shoplifting,True,0.5,0.120000|0.246667|0.373333|0.500000|0.626667|0.753333|0.880000,0.44311583|0.26915687|0.49452421|0.83729386|0.90985280|0.75633919|0.46161732,4|3
shoplifting/shoplifting-68.mp4,train,B_light_blue,1,Shoplifting,0.8484683036804199,1,Shoplifting,True,0.5,0.120000|0.246667|0.373333|0.500000|0.626667|0.753333|0.880000,0.74872392|0.61191475|0.34326425|0.63130367|0.66287184|0.91426569|0.68862706,5|0
shoplifting/shoplifting-69.mp4,train,B_light_blue,1,Shoplifting,0.7640476226806641,1,Shoplifting,True,0.5,0.120000|0.246667|0.373333|0.500000|0.626667|0.753333|0.880000,0.19077536|0.14650960|0.24510977|0.47150365|0.77039164|0.64665383|0.75795311,4|6
shoplifting/shoplifting-70.mp4,train,B_light_blue,1,Shoplifting,0.8488712310791016,1,Shoplifting,True,0.5,0.120000|0.246667|0.373333|0.500000|0.626667|0.753333|0.880000,0.11550860|0.27154809|0.25675020|0.29089135|0.72279233|0.77683431|0.90187103,6|5
shoplifting/shoplifting-71.mp4,train,C_purple,1,Shoplifting,0.9182597994804382,1,Shoplifting,True,0.5,0.120000|0.246667|0.373333|0.500000|0.626667|0.753333|0.880000,0.12086087|0.70454168|0.96800542|0.80714983|0.39521557|0.38961604|0.71203279,2|3
shoplifting/shoplifting-72.mp4,train,C_purple,1,Shoplifting,0.9246965646743774,1,Shoplifting,True,0.5,0.120000|0.246667|0.373333|0.500000|0.626667|0.753333|0.880000,0.47461149|0.83331525|0.94030631|0.85789973|0.90651357|0.35658786|0.03234692,2|4
shoplifting/shoplifting-73.mp4,train,C_purple,1,Shoplifting,0.8645105361938477,1,Shoplifting,True,0.5,0.120000|0.246667|0.373333|0.500000|0.626667|0.753333|0.880000,0.51094204|0.62602663|0.96062118|0.36307159|0.14500041|0.07988562|0.06431031,2|1
shoplifting/shoplifting-74.mp4,train,C_purple,1,Shoplifting,0.9835247993469238,1,Shoplifting,True,0.5,0.120000|0.246667|0.373333|0.500000|0.626667|0.753333|0.880000,0.98327374|0.98529214|0.88116479|0.49941179|0.69768333|0.79612839|0.81344301,1|0
shoplifting/shoplifting-75.mp4,train,C_purple,1,Shoplifting,0.86531001329422,1,Shoplifting,True,0.5,0.120000|0.246667|0.373333|0.500000|0.626667|0.753333|0.880000,0.87205327|0.85860020|0.78672904|0.78544873|0.70739543|0.20902191|0.01294442,0|1
shoplifting/shoplifting-76.mp4,train,C_purple,1,Shoplifting,0.9360539317131042,1,Shoplifting,True,0.5,0.120000|0.246667|0.373333|0.500000|0.626667|0.753333|0.880000,0.52180064|0.65014243|0.76555037|0.72698849|0.69193435|0.91497302|0.95235926,6|5
shoplifting/shoplifting-77.mp4,train,C_purple,1,Shoplifting,0.6454436182975769,1,Shoplifting,True,0.5,0.120000|0.246667|0.373333|0.500000|0.626667|0.753333|0.880000,0.20115957|0.01610069|0.01195837|0.07293641|0.42987841|0.56307870|0.72019649,6|5
shoplifting/shoplifting-78.mp4,train,C_purple,1,Shoplifting,0.8914178013801575,1,Shoplifting,True,0.5,0.120000|0.246667|0.373333|0.500000|0.626667|0.753333|0.880000,0.76294988|0.55578703|0.53237075|0.92244726|0.85241693|0.12300410|0.02516045,3|4
shoplifting/shoplifting-79.mp4,train,D_navy_stripe,1,Shoplifting,0.8679988980293274,1,Shoplifting,True,0.5,0.120000|0.246667|0.373333|0.500000|0.626667|0.753333|0.880000,0.70407474|0.75533253|0.11636995|0.47906280|0.42625609|0.78257191|0.92436910,6|5
shoplifting/shoplifting-80.mp4,train,D_navy_stripe,1,Shoplifting,0.9773545265197754,1,Shoplifting,True,0.5,0.120000|0.246667|0.373333|0.500000|0.626667|0.753333|0.880000,0.96037966|0.98104686|0.97473550|0.96604162|0.80001861|0.96265996|0.89384979,1|2
shoplifting/shoplifting-81.mp4,train,D_navy_stripe,1,Shoplifting,0.9747163653373718,1,Shoplifting,True,0.5,0.120000|0.246667|0.373333|0.500000|0.626667|0.753333|0.880000,0.98320526|0.93517339|0.91924161|0.96353257|0.90133601|0.87541187|0.79134005,0|3
shoplifting/shoplifting-82.mp4,train,D_navy_stripe,1,Shoplifting,0.9705066680908203,1,Shoplifting,True,0.5,0.120000|0.246667|0.373333|0.500000|0.626667|0.753333|0.880000,0.86390924|0.86681163|0.89825648|0.82304072|0.92774940|0.98901713|0.85497469,5|4
shoplifting/shoplifting-83.mp4,train,D_navy_stripe,1,Shoplifting,0.9652368426322937,1,Shoplifting,True,0.5,0.120000|0.246667|0.373333|0.500000|0.626667|0.753333|0.880000,0.92573571|0.96359265|0.94909054|0.96426666|0.96629292|0.90194976|0.51688850,4|3
shoplifting/shoplifting-84.mp4,train,D_navy_stripe,1,Shoplifting,0.9670497179031372,1,Shoplifting,True,0.5,0.120000|0.246667|0.373333|0.500000|0.626667|0.753333|0.880000,0.71341109|0.13732143|0.27120402|0.91537160|0.96693915|0.96984833|0.41126257,5|4
shoplifting/shoplifting-85.mp4,train,D_navy_stripe,1,Shoplifting,0.9578857421875,1,Shoplifting,True,0.5,0.120000|0.246667|0.373333|0.500000|0.626667|0.753333|0.880000,0.86510676|0.63002264|0.92849934|0.93272346|0.60570031|0.30001223|0.97456217,6|3
shoplifting/shoplifting-86.mp4,train,D_navy_stripe,1,Shoplifting,0.9852346181869507,1,Shoplifting,True,0.5,0.120000|0.246667|0.373333|0.500000|0.626667|0.753333|0.880000,0.38110495|0.96823400|0.98806971|0.98485708|0.98448932|0.90305746|0.90871447,2|3
shoplifting/shoplifting-87.mp4,train,D_navy_stripe,1,Shoplifting,0.9032539129257202,1,Shoplifting,True,0.5,0.120000|0.246667|0.373333|0.500000|0.626667|0.753333|0.880000,0.17614871|0.79939222|0.87573528|0.92832530|0.04389899|0.06165510|0.32280570,3|2
normal/normal-23.mp4,val,H_navy_cap,0,Normal,0.6725965738296509,1,Shoplifting,False,0.5,0.120000|0.246667|0.373333|0.500000|0.626667|0.753333|0.880000,0.02583982|0.15798904|0.55188590|0.28251427|0.34855276|0.67769021|0.66763192,5|6
normal/normal-30.mp4,val,G_brown_plaid,0,Normal,0.08375449478626251,0,Normal,True,0.5,0.120000|0.246667|0.373333|0.500000|0.626667|0.753333|0.880000,0.06647325|0.06663597|0.02169294|0.05108625|0.08901245|0.07245119|0.05959222,4|5
normal/normal-35.mp4,val,H_navy_cap,0,Normal,0.2148333042860031,0,Normal,True,0.5,0.120000|0.246667|0.373333|0.500000|0.626667|0.753333|0.880000,0.10641639|0.19587225|0.22314011|0.18533924|0.16584136|0.14639583|0.10625406,2|1
normal/normal-36.mp4,val,H_navy_cap,0,Normal,0.3704151511192322,0,Normal,True,0.5,0.120000|0.246667|0.373333|0.500000|0.626667|0.753333|0.880000,0.05228838|0.08955368|0.22097553|0.29039034|0.20336887|0.44229904|0.30359513,5|6
normal/normal-37.mp4,val,G_brown_plaid,0,Normal,0.249175027012825,0,Normal,True,0.5,0.120000|0.246667|0.373333|0.500000|0.626667|0.753333|0.880000,0.08324461|0.16984703|0.24882708|0.13499418|0.24813762|0.03305312|0.21366335,2|4
normal/normal-38.mp4,val,G_brown_plaid,0,Normal,0.6113362312316895,1,Shoplifting,False,0.5,0.120000|0.246667|0.373333|0.500000|0.626667|0.753333|0.880000,0.55816072|0.13601898|0.28372979|0.47024086|0.66214532|0.38132173|0.48872244,4|0
normal/normal-43.mp4,val,H_navy_cap,0,Normal,0.19773367047309875,0,Normal,True,0.5,0.120000|0.246667|0.373333|0.500000|0.626667|0.753333|0.880000,0.04751591|0.03102453|0.14813845|0.25142467|0.01752729|0.00779023|0.01546885,3|2
normal/normal-88.mp4,val,G_brown_plaid,0,Normal,0.18698103725910187,0,Normal,True,0.5,0.120000|0.246667|0.373333|0.500000|0.626667|0.753333|0.880000,0.19530825|0.17532252|0.17878924|0.06797662|0.03555301|0.02192189|0.02425799,0|2
shoplifting/shoplifting-2.mp4,val,H_navy_cap,1,Shoplifting,0.29199057817459106,0,Normal,False,0.5,0.120000|0.246667|0.373333|0.500000|0.626667|0.753333|0.880000,0.04217311|0.10027982|0.15858296|0.06272055|0.15528564|0.24565081|0.34189904,6|5
shoplifting/shoplifting-3.mp4,val,G_brown_plaid,1,Shoplifting,0.12236394733190536,0,Normal,False,0.5,0.120000|0.246667|0.373333|0.500000|0.626667|0.753333|0.880000,0.08285922|0.05102271|0.12691949|0.03408527|0.11359507|0.04090055|0.00769228,2|4
shoplifting/shoplifting-4.mp4,val,H_navy_cap,1,Shoplifting,0.9438419342041016,1,Shoplifting,True,0.5,0.120000|0.246667|0.373333|0.500000|0.626667|0.753333|0.880000,0.94970763|0.88108248|0.92481983|0.89076722|0.93715727|0.88634348|0.32728890,0|4
shoplifting/shoplifting-30.mp4,val,H_navy_cap,1,Shoplifting,0.1679878532886505,0,Normal,False,0.5,0.120000|0.246667|0.373333|0.500000|0.626667|0.753333|0.880000,0.04236291|0.01445662|0.07055257|0.01734403|0.09976606|0.14218020|0.19608353,6|5
shoplifting/shoplifting-31.mp4,val,H_navy_cap,1,Shoplifting,0.847756564617157,1,Shoplifting,True,0.5,0.120000|0.246667|0.373333|0.500000|0.626667|0.753333|0.880000,0.05423586|0.06858244|0.80307144|0.78536469|0.79663265|0.88455617|0.78586489,5|2
shoplifting/shoplifting-32.mp4,val,G_brown_plaid,1,Shoplifting,0.21735163033008575,0,Normal,False,0.5,0.120000|0.246667|0.373333|0.500000|0.626667|0.753333|0.880000,0.05134147|0.09889605|0.12987031|0.33525556|0.09114032|0.03695710|0.05429867,3|2
shoplifting/shoplifting-37.mp4,val,H_navy_cap,1,Shoplifting,0.9696745872497559,1,Shoplifting,True,0.5,0.120000|0.246667|0.373333|0.500000|0.626667|0.753333|0.880000,0.84717965|0.96641505|0.95143139|0.97297722|0.90690988|0.27208477|0.07702759,3|1
shoplifting/shoplifting-38.mp4,val,H_navy_cap,1,Shoplifting,0.8412042856216431,1,Shoplifting,True,0.5,0.120000|0.246667|0.373333|0.500000|0.626667|0.753333|0.880000,0.88248557|0.78981107|0.74261504|0.41373131|0.13992666|0.16893785|0.30082664,0|1
shoplifting/shoplifting-39.mp4,val,G_brown_plaid,1,Shoplifting,0.6434327363967896,1,Shoplifting,True,0.5,0.120000|0.246667|0.373333|0.500000|0.626667|0.753333|0.880000,0.08084564|0.55036753|0.64926082|0.63850784|0.46948069|0.45734105|0.19377056,2|3
shoplifting/shoplifting-40.mp4,val,G_brown_plaid,1,Shoplifting,0.5280992388725281,1,Shoplifting,True,0.5,0.120000|0.246667|0.373333|0.500000|0.626667|0.753333|0.880000,0.31786948|0.29161048|0.38470048|0.66703802|0.21321543|0.21219267|0.33195975,3|2
normal/normal-14.mp4,test,F_gray_backpack,0,Normal,0.23571304976940155,0,Normal,True,0.5,0.120000|0.246667|0.373333|0.500000|0.626667|0.753333|0.880000,0.21833016|0.24847366|0.11551354|0.09795568|0.13526343|0.01295916|0.04556281,1|0
normal/normal-15.mp4,test,IJK_connected_session,0,Normal,0.5756348967552185,1,Shoplifting,False,0.5,0.120000|0.246667|0.373333|0.500000|0.626667|0.753333|0.880000,0.08293273|0.45911592|0.52275318|0.21444666|0.62689430|0.43492937|0.14959463,4|2
normal/normal-16.mp4,test,IJK_connected_session,0,Normal,0.16730433702468872,0,Normal,True,0.5,0.120000|0.246667|0.373333|0.500000|0.626667|0.753333|0.880000,0.19446369|0.13623732|0.07433818|0.09835267|0.04516382|0.01083762|0.02587941,0|1
normal/normal-31.mp4,test,F_gray_backpack,0,Normal,0.08109493553638458,0,Normal,True,0.5,0.120000|0.246667|0.373333|0.500000|0.626667|0.753333|0.880000,0.06059995|0.09550405|0.03854026|0.02952117|0.02860140|0.04374688|0.03995544,1|0
normal/normal-32.mp4,test,F_gray_backpack,0,Normal,0.34638428688049316,0,Normal,True,0.5,0.120000|0.246667|0.373333|0.500000|0.626667|0.753333|0.880000,0.33695388|0.35185567|0.13954984|0.07779592|0.05297168|0.23476781|0.14187136,1|0
normal/normal-33.mp4,test,F_gray_backpack,0,Normal,0.30573779344558716,0,Normal,True,0.5,0.120000|0.246667|0.373333|0.500000|0.626667|0.753333|0.880000,0.20806807|0.03893270|0.01702599|0.07923538|0.08567084|0.27823487|0.33086824,6|5
normal/normal-34.mp4,test,F_gray_backpack,0,Normal,0.14537683129310608,0,Normal,True,0.5,0.120000|0.246667|0.373333|0.500000|0.626667|0.753333|0.880000,0.10819750|0.09306555|0.13697253|0.14692502|0.08910710|0.06261889|0.11656632,3|2
normal/normal-40.mp4,test,IJK_connected_session,0,Normal,0.08501971513032913,0,Normal,True,0.5,0.120000|0.246667|0.373333|0.500000|0.626667|0.753333|0.880000,0.08141888|0.07914841|0.02952595|0.01856299|0.01910656|0.03021906|0.01585469,0|1
normal/normal-41.mp4,test,IJK_connected_session,0,Normal,0.4417884945869446,0,Normal,True,0.5,0.120000|0.246667|0.373333|0.500000|0.626667|0.753333|0.880000,0.23578967|0.39668390|0.08428448|0.10405090|0.20117426|0.48755544|0.07916112,5|1
normal/normal-42.mp4,test,IJK_connected_session,0,Normal,0.09459109604358673,0,Normal,True,0.5,0.120000|0.246667|0.373333|0.500000|0.626667|0.753333|0.880000,0.13664661|0.06060137|0.04362857|0.03243210|0.04934153|0.03241902|0.03585950,0|1
shoplifting/shoplifting-5.mp4,test,IJK_connected_session,1,Shoplifting,0.613418459892273,1,Shoplifting,True,0.5,0.120000|0.246667|0.373333|0.500000|0.626667|0.753333|0.880000,0.02512275|0.13115522|0.37593198|0.40740368|0.78606158|0.24984765|0.33532786,4|3
shoplifting/shoplifting-6.mp4,test,IJK_connected_session,1,Shoplifting,0.3775790333747864,0,Normal,False,0.5,0.120000|0.246667|0.373333|0.500000|0.626667|0.753333|0.880000,0.03588890|0.04701367|0.45722100|0.30242002|0.03044240|0.03072370|0.02205098,2|3
shoplifting/shoplifting-7.mp4,test,IJK_connected_session,1,Shoplifting,0.8773862719535828,1,Shoplifting,True,0.5,0.120000|0.246667|0.373333|0.500000|0.626667|0.753333|0.880000,0.74350053|0.74785286|0.76887870|0.87623256|0.87747478|0.82733113|0.82536995,4|3
shoplifting/shoplifting-24.mp4,test,IJK_connected_session,1,Shoplifting,0.6277004480361938,1,Shoplifting,True,0.5,0.120000|0.246667|0.373333|0.500000|0.626667|0.753333|0.880000,0.09137538|0.56491953|0.62544018|0.44239265|0.62753075|0.58586711|0.03700805,4|2
shoplifting/shoplifting-26.mp4,test,IJK_connected_session,1,Shoplifting,0.8743809461593628,1,Shoplifting,True,0.5,0.120000|0.246667|0.373333|0.500000|0.626667|0.753333|0.880000,0.66376346|0.81281149|0.70599604|0.88612700|0.84495783|0.80761373|0.86198300,3|6
shoplifting/shoplifting-27.mp4,test,IJK_connected_session,1,Shoplifting,0.8902740478515625,1,Shoplifting,True,0.5,0.120000|0.246667|0.373333|0.500000|0.626667|0.753333|0.880000,0.87057626|0.87227249|0.90416408|0.77992880|0.33891514|0.19990647|0.13741274,2|1
shoplifting/shoplifting-28.mp4,test,IJK_connected_session,1,Shoplifting,0.3903793394565582,0,Normal,False,0.5,0.120000|0.246667|0.373333|0.500000|0.626667|0.753333|0.880000,0.31792781|0.11498363|0.09070957|0.01088560|0.09383853|0.46401685|0.23106828,5|0
shoplifting/shoplifting-33.mp4,test,F_gray_backpack,1,Shoplifting,0.70637047290802,1,Shoplifting,True,0.5,0.120000|0.246667|0.373333|0.500000|0.626667|0.753333|0.880000,0.12751774|0.17874724|0.64354396|0.76249272|0.37691140|0.08135214|0.11345682,3|2
shoplifting/shoplifting-34.mp4,test,F_gray_backpack,1,Shoplifting,0.7723747491836548,1,Shoplifting,True,0.5,0.120000|0.246667|0.373333|0.500000|0.626667|0.753333|0.880000,0.31865135|0.54913324|0.57462037|0.86841655|0.63805187|0.31378537|0.22576463,3|4
shoplifting/shoplifting-35.mp4,test,F_gray_backpack,1,Shoplifting,0.49068450927734375,0,Normal,False,0.5,0.120000|0.246667|0.373333|0.500000|0.626667|0.753333|0.880000,0.07370584|0.61066771|0.37173077|0.30417863|0.18790750|0.11710623|0.21312122,1|2
shoplifting/shoplifting-36.mp4,test,F_gray_backpack,1,Shoplifting,0.9600380659103394,1,Shoplifting,True,0.5,0.120000|0.246667|0.373333|0.500000|0.626667|0.753333|0.880000,0.79050034|0.86403847|0.70751160|0.93105561|0.95454943|0.96505427|0.43964100,5|4
shoplifting/shoplifting-41.mp4,test,IJK_connected_session,1,Shoplifting,0.633124828338623,1,Shoplifting,True,0.5,0.120000|0.246667|0.373333|0.500000|0.626667|0.753333|0.880000,0.51479429|0.73754704|0.47130835|0.26257339|0.02744634|0.08045991|0.04117372,1|0
shoplifting/shoplifting-42.mp4,test,IJK_connected_session,1,Shoplifting,0.9452837109565735,1,Shoplifting,True,0.5,0.120000|0.246667|0.373333|0.500000|0.626667|0.753333|0.880000,0.28016165|0.49702841|0.88592356|0.84789151|0.96080017|0.92696238|0.92270434,4|5
shoplifting/shoplifting-43.mp4,test,IJK_connected_session,1,Shoplifting,0.8658124208450317,1,Shoplifting,True,0.5,0.120000|0.246667|0.373333|0.500000|0.626667|0.753333|0.880000,0.02735850|0.19379541|0.30430362|0.14513631|0.87058544|0.86205006|0.14142305,4|5
shoplifting/shoplifting-44.mp4,test,IJK_connected_session,1,Shoplifting,0.9594179391860962,1,Shoplifting,True,0.5,0.120000|0.246667|0.373333|0.500000|0.626667|0.753333|0.880000,0.02355100|0.31810212|0.82978278|0.91510576|0.96213549|0.95674616|0.95423758,4|5
shoplifting/shoplifting-45.mp4,test,IJK_connected_session,1,Shoplifting,0.323108971118927,0,Normal,False,0.5,0.120000|0.246667|0.373333|0.500000|0.626667|0.753333|0.880000,0.03409445|0.30923426|0.33676183|0.08439288|0.07092735|0.08907226|0.08773000,2|1
shoplifting/shoplifting-46.mp4,test,IJK_connected_session,1,Shoplifting,0.39013928174972534,0,Normal,False,0.5,0.120000|0.246667|0.373333|0.500000|0.626667|0.753333|0.880000,0.05850853|0.56532192|0.15545116|0.04127985|0.23926058|0.15493257|0.03588866,1|4
shoplifting/shoplifting-47.mp4,test,IJK_connected_session,1,Shoplifting,0.2058638632297516,0,Normal,False,0.5,0.120000|0.246667|0.373333|0.500000|0.626667|0.753333|0.880000,0.36811641|0.05622701|0.00872896|0.00853265|0.01162639|0.01516974|0.10148080,0|6
shoplifting/shoplifting-48.mp4,test,IJK_connected_session,1,Shoplifting,0.7108206748962402,1,Shoplifting,True,0.5,0.120000|0.246667|0.373333|0.500000|0.626667|0.753333|0.880000,0.80893737|0.58820832|0.17425434|0.06085334|0.08481976|0.03192410|0.03092826,0|1
shoplifting/shoplifting-51.mp4,test,IJK_connected_session,1,Shoplifting,0.4272249639034271,0,Normal,False,0.5,0.120000|0.246667|0.373333|0.500000|0.626667|0.753333|0.880000,0.35157579|0.42624745|0.17722312|0.00659354|0.11381903|0.42607895|0.22708911,1|5
normal/normal-89.mp4,ood,HR_new_scene,0,Normal,0.5610254406929016,1,Shoplifting,False,0.5,0.120000|0.246667|0.373333|0.500000|0.626667|0.753333|0.880000,0.27905095|0.24165943|0.39339453|0.19695102|0.55520928|0.14170936|0.56757611,6|4
normal/normal-90.mp4,ood,HR_new_scene,0,Normal,0.3444027304649353,0,Normal,True,0.5,0.120000|0.246667|0.373333|0.500000|0.626667|0.753333|0.880000,0.29310340|0.34284768|0.29681814|0.24108155|0.34470135|0.24092634|0.24046637,4|1
shoplifting/shoplifting-88.mp4,ood,HR_new_scene,1,Shoplifting,0.6603418588638306,1,Shoplifting,True,0.5,0.120000|0.246667|0.373333|0.500000|0.626667|0.753333|0.880000,0.10826693|0.25204042|0.18722740|0.40799552|0.57440418|0.73715711|0.44469532,5|4
shoplifting/shoplifting-89.mp4,ood,HR_new_scene,1,Shoplifting,0.6338553428649902,1,Shoplifting,True,0.5,0.120000|0.246667|0.373333|0.500000|0.626667|0.753333|0.880000,0.07083201|0.18599440|0.70696396|0.55435628|0.52858949|0.44337317|0.23354256,2|3
shoplifting/shoplifting-90.mp4,ood,HR_new_scene,1,Shoplifting,0.5968315601348877,1,Shoplifting,True,0.5,0.120000|0.246667|0.373333|0.500000|0.626667|0.753333|0.880000,0.06898822|0.16707006|0.29212996|0.27044171|0.27045438|0.64670491|0.54520506,5|6
shoplifting/shoplifting-91.mp4,ood,HR_new_scene,1,Shoplifting,0.5168058276176453,1,Shoplifting,True,0.5,0.120000|0.246667|0.373333|0.500000|0.626667|0.753333|0.880000,0.02278977|0.04856345|0.56988657|0.22641367|0.46359885|0.17126840|0.03640302,2|4
shoplifting/shoplifting-92.mp4,ood,HR_new_scene,1,Shoplifting,0.40355825424194336,0,Normal,False,0.5,0.120000|0.246667|0.373333|0.500000|0.626667|0.753333|0.880000,0.08388133|0.30859864|0.46957511|0.33924013|0.20144440|0.06102048|0.02237985,2|3
shoplifting/shoplifting-93.mp4,ood,HR_new_scene,1,Shoplifting,0.5457695126533508,1,Shoplifting,True,0.5,0.120000|0.246667|0.373333|0.500000|0.626667|0.753333|0.880000,0.01887623|0.06855081|0.30979770|0.57931465|0.51236147|0.27000374|0.17884035,3|4
shoplifting/shoplifting-50.mp4,qualitative,qualitative_new_angle,1,Shoplifting,0.4860092103481293,0,Normal,False,0.5,0.120000|0.246667|0.373333|0.500000|0.626667|0.753333|0.880000,0.12778297|0.12192434|0.27654111|0.16835614|0.65047759|0.32202116|0.31056580,4|5
